Effective Bankroll,Bankroll (w/ Current Stake),Date Placed,Player/Team,Line,Probability,Factor,Stake,Win,Date Settled,Realized Profit,Bet Slip
1,1,2025-06-02 20:00,Alexander Bublik,2000,0.049074,0.001528,0.001528,0,2025-06-04 13:00,-0.001528,https://imgur.com/a/first-two-slips-n1IUAII
0.998472,1,2025-06-03 17:30,Carlos Alcaraz,-550,0.856608,0.067955,0.06785116476,1,2025-06-06 11:30,0.01233657541,https://imgur.com/a/first-two-slips-n1IUAII
1.010808575,1.010808575,2025-06-06 17:15,Carlos Alcaraz,-115,0.54084,0.012807,0.01294542543,1,2025-06-08 15:30,0.01125689167,https://imgur.com/a/0ApS0Q0
0.99786315,1.010808575,2025-06-08 10:45,Jacob Fearnley,-104,0.547309,0.074346,0.07418713375,0,2025-06-09 11:00,-0.07418713375,https://imgur.com/a/wO3EAVW
0.99786315,1.010808575,2025-06-08 10:45,Matteo Arnaldi,-154,0.646144,0.098383,0.09817277029,0,2025-06-09 11:00,-0.09817277029,https://imgur.com/a/wO3EAVW
0.99786315,1.010808575,2025-06-08 10:45,Alex Michelsen,-105,0.570825,0.11782,0.1175682363,1,2025-06-10 14:15,0.1119697489,https://imgur.com/a/hjm9Ve9
0.99786315,1.010808575,2025-06-08 10:45,Denis Shapovalov,-250,0.720046,0.01946,0.0194184169,0,2025-06-10 11:00,-0.0194184169,https://imgur.com/a/hjm9Ve9
0.99786315,1.010808575,2025-06-08 10:45,Alejandro Tabilo,-102,0.506949,0.003898,0.003889670559,N/A,2025-06-09 11:00,0,https://imgur.com/a/wO3EAVW
0.99786315,1.010808575,2025-06-08 10:45,Luciano Darderi,114,0.474531,0.01313,0.01310194316,0,2025-06-09 11:00,-0.01310194316,https://imgur.com/a/wO3EAVW
0.99786315,1.010808575,2025-06-08 10:45,Mattia Bellucci,110,0.502193,0.04809,0.04798723888,N/A,2025-06-09 11:00,0,https://imgur.com/a/wO3EAVW
0.99786315,1.010808575,2025-06-08 10:45,Nuno Borges,-225,0.701579,0.02909,0.02902783903,1,2025-06-09 11:00,0.01290126179,https://imgur.com/a/wO3EAVW
0.5945099011,1.010808575,2025-06-08 11:00,Gabriel Diallo,-178,0.687528,0.131328,0.07807579629,1,2025-06-09 11:00,0.0438628069,https://imgur.com/a/wO3EAVW
0.7563810354,0.8933676886,2025-06-09 12:30,Justin Engel,280,0.291502,0.03847,0.02909797843,1,2025-06-10 9:30,0.0814743396,https://imgur.com/a/hjm9Ve9
0.7272830569,0.8933676886,2025-06-09 16:45,Laslo Djere,105,0.507494,0.038438,0.02795530614,0,2025-06-11 12:00,-0.02795530614,https://imgur.com/a/qcwqytz
0.7272830569,0.8933676886,2025-06-09 16:45,Alexander Blockx,158,0.391452,0.006285,0.004570974013,0,2025-06-10 10:30,-0.004570974013,https://imgur.com/a/hjm9Ve9
0.8053290948,0.9508526373,2025-06-10 13:15,Jiri Lehecka,-200,0.67485,0.023838,0.01919743496,1,2025-06-11 12:30,0.009598717481,https://imgur.com/a/qcwqytz
0.8053290948,0.9508526373,2025-06-10 13:15,Marton Fucsovics,-150,0.61329,0.033675,0.02711945727,1,2025-06-11 7:00,0.01807963818,https://imgur.com/a/qcwqytz
0.8053290948,0.9508526373,2025-06-10 13:15,Gabriel Diallo,160,0.407177,0.03724,0.02999045549,1,2025-06-11 7:20,0.04798472879,https://imgur.com/a/qcwqytz
1.081734012,1.128886753,2025-06-11 9:00,Otto Virtanen,140,0.451304,0.058234,0.06299369846,N/A,2025-06-12 7:00,0,https://imgur.com/a/bFOW8Vq
1.081734012,1.128886753,2025-06-11 9:00,Justin Engel,500,0.214059,0.056349,0.06095462984,1,2025-06-12 7:30,0.3047731492,https://imgur.com/a/bFOW8Vq
1.081734012,1.128886753,2025-06-11 9:00,Learner Tien,230,0.33549,0.045698,0.04943308088,0,2025-06-12 12:55,-0.04943308088,https://imgur.com/a/bFOW8Vq
1.081734012,1.128886753,2025-06-11 9:00,Corentin Moutet,900,0.113233,0.014399,0.01557588804,0,2025-06-12 11:00,-0.01557588804,https://imgur.com/a/bFOW8Vq
0.9215728673,1.110530164,2025-06-11 14:30,Hubert Hurkacz,-160,0.658409,0.111863,0.1030899056,N/A,2025-06-12 7:30,0,https://imgur.com/a/bFOW8Vq
0.8184829616,1.110530164,2025-06-11 21:20,Gabriel Diallo,184,0.373656,0.033146,0.02712943625,1,2025-06-13 9:15,0.04991816269,https://imgur.com/a/6EnhvHh
1.323164909,1.350294345,2025-06-12 13:25,Mark Lajal,112,0.481523,0.018597,0.0246068978,0,2025-06-13 14:00,-0.0246068978,https://imgur.com/a/6EnhvHh
1.298558011,1.350294345,2025-06-12 17:35,Brandon Nakashima,300,0.258452,0.011265,0.01462825599,0,2025-06-13 11:00,-0.01462825599,https://imgur.com/a/6EnhvHh
1.298558011,1.350294345,2025-06-12 17:35,Daniil Medvedev,-350,0.785989,0.036937,0.04796483724,0,2025-06-13 11:10,-0.04796483724,https://imgur.com/a/6EnhvHh
1.313012516,1.313012516,2025-06-13 17:20,Reily Opelka,-140,0.586128,0.006706,0.008805061935,0,2025-06-14 1:10,-0.008805061935,https://imgur.com/a/NAe6DxV
1.304207454,1.304207454,2025-06-15 12:50,Luciano Darderi,320,0.272641,0.044971,0.05865151344,0,2025-06-16 14:00,-0.05865151344,https://imgur.com/a/DSrcAQG
1.304207454,1.304207454,2025-06-15 12:50,Alex Michelsen,-116,0.545991,0.019051,0.02484645622,1,2025-06-17 16:00,0.02141935881,https://imgur.com/a/jDS3oRC
1.304207454,1.304207454,2025-06-15 12:50,Alexander Bublik,-275,0.759967,0.098676,0.1286939748,1,2025-06-16 14:00,0.04679780901,https://imgur.com/a/DSrcAQG
1.304207454,1.304207454,2025-06-15 12:50,Daniil Medvedev,-500,0.857749,0.144802,0.1888518478,1,2025-06-16 14:00,0.03777036956,https://imgur.com/a/DSrcAQG
0.9031636622,1.304207454,2025-06-15 13:05,Dan Evans,285,0.273254,0.018141,0.016384292,1,2025-06-16 14:00,0.04669523219,https://imgur.com/a/DSrcAQG
0.9031636622,1.304207454,2025-06-15 13:05,Jakub Mensik,-150,0.625034,0.062284,0.05625264554,1,2025-06-16 14:00,0.03750176369,https://imgur.com/a/DSrcAQG
0.9031636622,1.304207454,2025-06-15 13:05,Holger Rune,-450,0.826859,0.047383,0.04279460381,N/A,2025-06-16 14:00,0,https://imgur.com/a/DSrcAQG
0.9031636622,1.304207454,2025-06-15 13:05,Camilo Ugo Carabelli,510,0.173155,0.010957,0.009895964247,0,2025-06-17 16:00,-0.009895964247,https://imgur.com/a/jDS3oRC
0.9031636622,1.304207454,2025-06-15 13:05,Lorenzo Sonego,-104,0.535564,0.052302,0.04723726586,1,2025-06-17 16:00,0.04542044794,https://imgur.com/a/jDS3oRC
1.332341429,1.414321116,2025-06-16 16:45,Andrey Rublev,-190,0.676805,0.062538,0.0833219683,1,2025-06-17 16:00,0.04385366753,https://imgur.com/a/jDS3oRC
1.332341429,1.414321116,2025-06-16 16:45,Alexei Popyrin,-174,0.656133,0.057616,0.07676418378,1,2025-06-17 16:00,0.044117347,https://imgur.com/a/jDS3oRC
1.332341429,1.414321116,2025-06-16 16:45,Jesper De Jong,175,0.379205,0.024366,0.03246383126,0,2025-06-17 16:00,-0.03246383126,https://imgur.com/a/jDS3oRC
1.332341429,1.414321116,2025-06-16 16:45,Gabriel Diallo,-250,0.716491,0.007677,0.01022838515,1,2025-06-17 16:00,0.004091354061,https://imgur.com/a/jDS3oRC
1.332341429,1.414321116,2025-06-16 16:45,Taylor Fritz,-600,0.858195,0.007328,0.009763397993,0,2025-06-17 16:00,-0.009763397993,https://imgur.com/a/jDS3oRC
1.521100097,1.521100097,2025-06-17 22:30,Jakub Mensik,-220,0.715305,0.088896,0.1352197143,0,2025-06-18 9:30,-0.1352197143,https://imgur.com/a/K7A8le3
1.521100097,1.521100097,2025-06-17 22:30,Alexander Zverev,-600,0.861509,0.030421,0.04627338606,1,2025-06-18 9:30,0.00771223101,https://imgur.com/a/K7A8le3
1.521100097,1.521100097,2025-06-17 22:30,Karen Khachanov,-194,0.665121,0.015386,0.0234036461,1,2025-06-18 9:30,0.0120637351,https://imgur.com/a/K7A8le3
1.521100097,1.521100097,2025-06-17 22:30,Daniel Evans,200,0.34325,0.014813,0.02253205574,0,2025-06-18 14:20,-0.02253205574,https://imgur.com/a/K7A8le3
1.521100097,1.521100097,2025-06-17 22:30,Alexander Bublik,690,0.130665,0.004654,0.007079199853,1,2025-06-19 15:00,0.04884647899,https://imgur.com/a/uSmQudd
1.376045094,1.405656349,2025-06-18 10:15,Alex Michelsen,-140,0.597459,0.033805,0.04651720439,1,2025-06-18 14:20,0.03322657456,https://imgur.com/a/K7A8le3
1.376045094,1.405656349,2025-06-18 10:15,Jiri Lehecka,-175,0.661243,0.068355,0.09405956237,1,2025-06-19 15:00,0.05374832136,https://imgur.com/a/uSmQudd
1.376045094,1.405656349,2025-06-18 10:15,Corentin Moutet,148,0.40725,0.006719,0.009245646984,0,2025-06-19 15:00,-0.009245646984,https://imgur.com/a/uSmQudd
1.305966459,1.416350868,2025-06-18 14:40,Karen Khachanov,112,0.479468,0.014707,0.01920684871,1,2025-06-19 15:00,0.02151167055,https://imgur.com/a/uSmQudd
1.531211692,1.531211692,2025-06-19 18:00,Alex Michelsen,200,0.380692,0.070801,0.108411319,0,2025-06-20 13:00,-0.108411319,https://imgur.com/a/8i6yETC
1.531211692,1.531211692,2025-06-19 18:00,Tomas Martin Etcheverry,220,0.330132,0.025356,0.03882540366,0,2025-06-20 13:00,-0.03882540366,https://imgur.com/a/8i6yETC
1.531211692,1.531211692,2025-06-19 18:00,Jacob Fearnley,184,0.365076,0.019765,0.03026439909,0,2025-06-20 13:00,-0.03026439909,https://imgur.com/a/8i6yETC
1.531211692,1.531211692,2025-06-19 18:00,Brandon Nakashima,350,0.234647,0.015787,0.02417323898,0,2025-06-20 13:00,-0.02417323898,https://imgur.com/a/8i6yETC
1.531211692,1.531211692,2025-06-19 18:00,Arthur Rinderknech,1200,0.08293,0.00643,0.009845691179,0,2025-06-20 13:00,-0.009845691179,https://imgur.com/a/8i6yETC
1.531211692,1.531211692,2025-06-19 18:00,Flavio Cobolli 	,580,0.148386,0.001536,0.002351941159,0,2025-06-20 13:00,-0.002351941159,https://imgur.com/a/8i6yETC
1.317339699,1.317339699,2025-06-20 14:45,Jiri Lehecka,195,0.429866,0.13749,0.1811210352,1,2025-06-21 11:00,0.3531860186,https://imgur.com/a/icIDuxu
1.670525718,1.670525718,2025-06-21 18:15,Yunchaokete Bu,175,0.379959,0.02565,0.04284898465,0,2025-06-22 13:00,-0.04284898465,https://imgur.com/a/w5BOxO7
1.627676733,1.670525718,2025-06-22 10:45,Nuno Borges,-175,0.689909,0.11,0.1790444406,1,2025-06-24 11:45,0.1023111089,https://imgur.com/a/w5BOxO7
1.627676733,1.670525718,2025-06-22 10:45,Tomas Martin Etcheverry,126,0.45755,0.025356,0.04127137124,0,2025-06-24 11:45,-0.04127137124,https://imgur.com/a/w5BOxO7
1.627676733,1.670525718,2025-06-22 10:45,Fabian Marozsan,120,0.463582,0.015787,0.02569613258,0,2025-06-23 13:00,-0.02569613258,https://imgur.com/a/w5BOxO7
1.381664788,1.627676733,2025-06-23 10:55,Rinky Hijikata,-210,0.700787,0.07244,0.1000877973,0,2025-06-24 10:00,-0.1000877973,https://imgur.com/a/w5BOxO7
1.281576991,1.6019806,2025-06-23 17:40,Ethan Quinn,200,0.350512,0.025768,0.03302367591,0,2025-06-24 11:45,-0.03302367591,https://imgur.com/a/w5BOxO7
1.529908865,1.529908865,2025-06-24 12:45,Daniel Evans,235,0.315788,0.024633,0.03768624507,1,2025-06-25 14:00,0.0885626759,https://imgur.com/a/jb1O4gb
1.529908865,1.529908865,2025-06-24 12:45,Reily Opelka,140,0.419054,0.004086,0.006251207621,0,2025-06-25 14:00,-0.006251207621,https://imgur.com/a/jb1O4gb
1.529908865,1.529908865,2025-06-24 12:45,Learner Tien,300,0.25256,0.003409,0.00521545932,1,2025-06-25 14:00,0.01564637796,https://imgur.com/a/jb1O4gb
1.480755953,1.529908865,2025-06-24 21:45,Jenson Brooksby,116,0.494572,0.058858,0.08715433387,1,2025-06-25 8:30,0.1010990273,https://imgur.com/a/jb1O4gb
1.58185498,1.631007892,2025-06-25 9:00,Hamad Medjedovic,185,0.352279,0.00216,0.003416806757,0,2025-06-26 14:00,-0.003416806757,https://imgur.com/a/vR0jVzX
1.725548932,1.728965738,2025-06-25 16:30,Jenson Brooksby,-110,0.552225,0.059599,0.1028409908,1,2025-06-26 14:00,0.09349180979,https://imgur.com/a/vR0jVzX
1.725548932,1.728965738,2025-06-25 16:30,Alex Michelsen,-110,0.541146,0.036288,0.06261671963,1,2025-06-26 14:00,0.05692429057,https://imgur.com/a/vR0jVzX
1.875965032,1.875965032,2025-06-29 23:15,Quentin Halys,-700,0.883523,0.06803,0.1276219011,0,2025-07-01 15:00,-0.1276219011,https://imgur.com/a/PpWSFHv
1.875965032,1.875965032,2025-06-29 23:15,Jesper De Jong,-120,0.55915,0.030069,0.05640839254,1,2025-07-01 15:00,0.04700699379,https://imgur.com/a/PpWSFHv
1.875965032,1.875965032,2025-06-29 23:15,Arthur Cazaux,-215,0.689214,0.020967,0.03933335882,1,2025-07-01 15:00,0.0182945855,https://imgur.com/a/PpWSFHv
1.875965032,1.875965032,2025-06-29 23:15,Daniel Evans,-475,0.828523,0.013969,0.02620535553,1,2025-07-01 15:00,0.005516916954,https://imgur.com/a/PpWSFHv
1.875965032,1.875965032,2025-06-29 23:15,Raphael Collignon,650,0.143288,0.011464,0.02150606313,0,2025-07-01 15:00,-0.02150606313,https://imgur.com/a/PpWSFHv
1.875965032,1.875965032,2025-06-29 23:15,Yoshihito Nishioka,460,0.183218,0.005641,0.01058231874,0,2025-07-01 15:00,-0.01058231874,https://imgur.com/a/PpWSFHv
1.875965032,1.875965032,2025-06-29 23:15,Camilo Ugo Carabelli,1200,0.078908,0.002144,0.004022069028,0,2025-07-01 15:00,-0.004022069028,https://imgur.com/a/PpWSFHv
1.590285573,1.875965032,2025-06-29 23:45,Mattia Bellucci,-275,0.782696,0.11,0.174931413,1,2025-06-30 15:00,0.06361142292,https://imgur.com/a/vR0jVzX
1.590285573,1.875965032,2025-06-29 23:45,Leandro Riedi,-120,0.616688,0.11,0.174931413,0,2025-06-30 15:00,-0.174931413,https://imgur.com/a/vR0jVzX
1.590285573,1.875965032,2025-06-29 23:45,Chris Rodesch,-200,0.701247,0.099641,0.1584576448,N/A,2025-06-30 15:00,0,https://imgur.com/a/vR0jVzX
1.590285573,1.875965032,2025-06-29 23:45,Adrian Mannarino,-225,0.705725,0.041686,0.0662926444,1,2025-06-30 15:00,0.02946339751,https://imgur.com/a/vR0jVzX
1.590285573,1.875965032,2025-06-29 23:45,Luciano Darderi,205,0.33904,0.015918,0.02531416575,1,2025-06-30 15:00,0.05189403979,https://imgur.com/a/vR0jVzX
1.590285573,1.875965032,2025-06-29 23:45,Ethan Quinn,-215,0.684853,0.006965,0.01107633902,1,2025-06-30 15:00,0.005151785589,https://imgur.com/a/vR0jVzX
1.590285573,1.875965032,2025-06-29 23:45,Billy Harris,-220,0.688515,0.003106,0.00493942699,1,2025-06-30 15:00,0.002245194086,https://imgur.com/a/vR0jVzX
1.56772,1.853399459,2025-06-30 21:35,Benjamin Bonzi,-146,0.595045,0.00381,0.005973013199,0,2025-07-02 15:00,-0.005973013199,https://imgur.com/a/V9vzCTG
1.56772,1.853399459,2025-06-30 21:35,Nicolas Jarry,-140,0.58401,0.001623,0.00254440956,1,2025-07-02 15:00,0.0018174354,https://imgur.com/a/V9vzCTG
1.75196818,1.760485603,2025-07-01 20:00,Joao Fonseca,-225,0.705693,0.043367,0.07597760407,1,2025-07-02 15:00,0.03376782403,https://imgur.com/a/V9vzCTG
1.75196818,1.760485603,2025-07-01 20:00,Lorenzo Sonego,-220,0.6976,0.032207,0.05642563918,1,2025-07-03 15:00,0.02564801781,https://imgur.com/a/V9vzCTG
1.75196818,1.760485603,2025-07-01 20:00,Ethan Quinn,-140,0.595033,0.027984,0.04902707756,0,2025-07-02 15:00,-0.04902707756,https://imgur.com/a/V9vzCTG
1.75196818,1.760485603,2025-07-01 20:00,Pedro Martinez,188,0.364707,0.026716,0.0468055819,1,2025-07-03 15:00,0.08799449398,https://imgur.com/a/V9vzCTG
1.75196818,1.760485603,2025-07-01 20:00,Fabian Marozsan,-110,0.535529,0.024527,0.04297052356,0,2025-07-03 15:00,-0.04297052356,https://imgur.com/a/V9vzCTG
1.75196818,1.760485603,2025-07-01 20:00,Alejandro Davidovich Fokina,-325,0.769939,0.022155,0.03881485503,1,2025-07-03 15:00,0.01194303232,https://imgur.com/a/V9vzCTG
1.556054172,1.741070772,2025-07-02 23:45,Marton Fucsovics,-125,0.583759,0.063367,0.09860248472,1,2025-07-04 15:00,0.07888198777,https://imgur.com/a/V9vzCTG
1.556054172,1.741070772,2025-07-02 23:45,Jakub Mensik,-165,0.640395,0.046888,0.07296026802,1,2025-07-03 15:00,0.04421834425,https://imgur.com/a/V9vzCTG
1.556054172,1.741070772,2025-07-02 23:45,Daniel Evans,1280,0.074228,0.001893,0.002945610548,0,2025-07-03 15:00,-0.002945610548,https://imgur.com/a/V9vzCTG
1.766356041,1.864958526,2025-07-04 0:45,Miomir Kecmanovic,1600,0.074081,0.016204,0.02862203329,0,2025-07-05 15:00,-0.02862203329,https://imgur.com/a/V9vzCTG
1.766356041,1.864958526,2025-07-04 0:45,Nuno Borges,202,0.339651,0.0127,0.02243272172,0,2025-07-04 15:00,-0.02243272172,https://imgur.com/a/V9vzCTG
1.766356041,1.864958526,2025-07-04 0:45,Luciano Darderi,134,0.433426,0.010569,0.018668617,0,2025-07-04 15:00,-0.018668617,https://imgur.com/a/V9vzCTG
1.766356041,1.864958526,2025-07-04 0:45,Mattia Bellucci,152,0.400823,0.006602,0.01166148258,0,2025-07-04 15:00,-0.01166148258,https://imgur.com/a/V9vzCTG
1.862455659,1.891077692,2025-07-04 15:15,Sebastian Ofner,260,0.283722,0.008321,0.01549749354,0,2025-07-05 15:00,-0.01549749354,https://imgur.com/a/V9vzCTG
1.846958166,1.846958166,2025-07-05 22:45,Flavio Cobolli 	,-105,0.590451,0.11,0.2031653982,1,2025-07-07 10:00,0.1934908554,https://imgur.com/a/V9vzCTG
1.846958166,1.846958166,2025-07-05 22:45,Alex De Minaur,390,0.234475,0.037308,0.06890631524,0,2025-07-07 12:15,-0.06890631524,https://imgur.com/a/V9vzCTG
1.846958166,1.846958166,2025-07-05 22:45,Cameron Norrie,-114,0.547817,0.031355,0.05791137328,1,2025-07-06 15:00,0.05079945025,https://imgur.com/a/V9vzCTG
2.022342156,2.022342156,2025-07-07 23:15,Flavio Cobolli,800,0.161566,0.056762,0.1147921855,0,2025-07-09 15:00,-0.1147921855,
1.907549971,2.022342156,2025-07-08 19:45,Carlos Alcaraz,-500,0.841671,0.050024,0.09542327973,1,2025-07-11 15:00,0.01908465595,
1.926634626,1.926634626,2025-07-13 21:15,Alexander Shevchenko,125,0.52659,0.11,0.2119298089,1,2025-07-15 15:00,0.2649122611,
1.926634626,1.926634626,2025-07-13 21:15,James Mccabe,-270,0.772929,0.11,0.2119298089,0,2025-07-16 15:00,-0.2119298089,
1.926634626,1.926634626,2025-07-13 21:15,Juan Manuel Cerundolo,125,0.484376,0.069058,0.133049534,1,2025-07-15 15:00,0.1663119175,
1.926634626,1.926634626,2025-07-13 21:15,Taro Daniel,-225,0.71385,0.066773,0.1286471739,0,2025-07-15 15:00,-0.1286471739,
1.926634626,1.926634626,2025-07-13 21:15,Martin Landaluce,-105,0.5195,0.014273,0.02749885602,0,2025-07-15 15:00,-0.02749885602,
1.926634626,1.926634626,2025-07-13 21:15,Terence Atmane,270,0.273334,0.004002,0.007710391775,0,2025-07-14 13:00,-0.007710391775,
1.205869053,1.926634626,2025-07-14 9:15,Alibek Kachmazov,-189,0.653548,0.012578,0.01516742095,0,2025-07-15 15:00,-0.01516742095,
1.205869053,1.926634626,2025-07-14 9:15,Yibing Wu,-175,0.657912,0.059221,0.07141277118,0,2025-07-16 15:00,-0.07141277118,
1.205869053,1.926634626,2025-07-14 9:15,James Duckworth,-104,0.521325,0.023453,0.0282812469,1,2025-07-16 15:00,0.02719350663,
1.091007614,1.918924235,2025-07-14 22:00,Nicolai Budkov Kjaer,166,0.439705,0.101902,0.1111758579,1,2025-07-15 15:00,0.1845519241,
1.091007614,1.918924235,2025-07-14 22:00,Filip Misolic,-120,0.551391,0.029567,0.03225782212,1,2025-07-16 15:00,0.02688151843,
1.091007614,1.918924235,2025-07-14 22:00,Calvin Hemery,175,0.379113,0.024305,0.02651694006,0,2025-07-15 15:00,-0.02651694006,
1.091007614,1.918924235,2025-07-14 22:00,Francesco Passaro,-165,0.633812,0.01304,0.01422673929,1,2025-07-15 15:00,0.008622266233,
2.001610564,2.345492213,2025-07-15 17:40,Roman Andres Burruchaga,-500,0.855098,0.11,0.220177162,1,2025-07-16 15:00,0.0440354324,
2.001610564,2.345492213,2025-07-15 17:40,Kamil Majchrzak,-175,0.651368,0.041039,0.08214409592,0,2025-07-16 15:00,-0.08214409592,
2.001610564,2.345492213,2025-07-15 17:40,Dominic Stricker,310,0.260419,0.021742,0.04351901687,0,2025-07-16 15:00,-0.04351901687,
2.001610564,2.345492213,2025-07-15 17:40,Sebastian Baez,-300,0.754104,0.016314,0.03265427474,1,2025-07-16 15:00,0.01088475825,
2.045481736,2.045481736,2025-07-16 18:00,Ignacio Buse,-116,0.580642,0.093761,0.191786413,1,2025-07-18 14:00,0.1653331147,
2.045481736,2.045481736,2025-07-16 18:00,Andrey Rublev,-3500,0.973698,0.052455,0.1072957444,1,2025-07-17 15:00,0.003065592698,
2.045481736,2.045481736,2025-07-16 18:00,Francesco Passaro,-156,0.628904,0.049452,0.1011531628,0,2025-07-17 15:00,-0.1011531628,
2.045481736,2.045481736,2025-07-16 18:00,Filip Misolic,110,0.496777,0.038888,0.07954469373,1,2025-07-17 15:00,0.08749916311,
2.045481736,2.045481736,2025-07-16 18:00,Arthur Cazaux,184,0.364634,0.019106,0.03908097404,1,2025-07-17 15:00,0.07190899223,
2.045481736,2.045481736,2025-07-16 18:00,Daniel Altmaier,-140,0.589394,0.014369,0.02939152706,0,2025-07-17 15:00,-0.02939152706,
2.045481736,2.045481736,2025-07-16 18:00,Alexander Shevchenko,148,0.410973,0.012827,0.02623739422,0,2025-07-17 15:00,-0.02623739422,
1.859386987,2.0511734,2025-07-17 18:30,Filip Misolic,-118,0.597086,0.11,0.2045325685,0,2025-07-18 14:00,-0.2045325685,
1.859386987,2.0511734,2025-07-17 18:30,Juan Manuel Cerundolo,350,0.248032,0.032744,0.06088376749,1,2025-07-18 14:00,0.2130931862,
1.859386987,2.0511734,2025-07-17 18:30,Arthur Cazaux,-128,0.575809,0.032277,0.06001543376,1,2025-07-18 14:00,0.04688705763,
1.859386987,2.0511734,2025-07-17 18:30,Emilo Nava,430,0.199334,0.012914,0.02401212354,0,2025-07-18 14:00,-0.02401212354,
1.859386987,2.0511734,2025-07-17 18:30,Francisco Comesana,136,0.426374,0.004507,0.008380257148,0,2025-07-18 14:00,-0.008380257148,
2.239561809,2.239561809,2025-07-18 15:00,Aleksandar Kovacevic,350,0.766507,0.014487,0.03244453192,1,2025-07-19 5:00,0.1135558617,
2.239561809,2.239561809,2025-07-18 15:00,Adam Walton,220,0.67968,0.011366,0.02545485952,0,2025-07-19 5:00,-0.02545485952,
2.327662811,2.327662811,2025-07-19 14:15,Aleksandar Kovacevic,250,0.710335,0.005467,0.01272533259,0,2025-07-20 8:00,-0.01272533259,
2.327662811,2.327662811,2025-07-19 14:15,Terence Atmane,190,0.3983,0.08161,0.189960562,1,2025-07-21 20:00,0.3609250678,
2.124976916,2.314937478,2025-07-20 13:45,Hugo Gaston,-165,0.691512,0.11,0.2337474608,0,2025-07-21 20:00,-0.2337474608,
2.124976916,2.314937478,2025-07-20 13:45,Francisco Comesana,-425,0.82808,0.092815,0.1972297325,1,2025-07-21 20:00,0.04640699588,
2.124976916,2.314937478,2025-07-20 13:45,Joel Schwaerzler,215,0.339784,0.068158,0.1448341767,0,2025-07-21 20:00,-0.1448341767,
2.124976916,2.314937478,2025-07-20 13:45,Ignacio Buse,-104,0.544164,0.067225,0.1428515732,0,2025-07-22 18:00,-0.1428515732,
2.124976916,2.314937478,2025-07-20 13:45,Quentin Halys,-110,0.552005,0.056674,0.1204309418,0,2025-07-22 18:00,-0.1204309418,
2.124976916,2.314937478,2025-07-20 13:45,Tomas Martin Etcheverry,-114,0.546596,0.028362,0.0602685953,0,2025-07-22 18:00,-0.0602685953,
2.124976916,2.314937478,2025-07-20 13:45,Alexander Shevchenko,-130,0.574628,0.020645,0.04387014844,1,2025-07-21 20:00,0.03374626803,
2.124976916,2.314937478,2025-07-20 13:45,Jaume Munar,106,0.495857,0.019324,0.04106305393,1,2025-07-22 18:00,0.04352683717,
2.124976916,2.314937478,2025-07-20 13:45,Fabian Marozsan,-152,0.606213,0.007301,0.01551445647,1,2025-07-21 20:00,0.01020687925,
1.125166777,2.314937478,2025-07-21 10:15,Yibing Wu,200,0.381304,0.071505,0.08045505041,1,2025-07-22 18:00,0.1609101008,
1.125166777,2.314937478,2025-07-21 10:15,Arthur Rinderknech,-200,0.685466,0.055535,0.06248613698,1,2025-07-21 20:00,0.03124306849,
1.125166777,2.314937478,2025-07-21 10:15,Miomir Kecmanovic,-235,0.714894,0.044174,0.04970311722,0,2025-07-22 18:00,-0.04970311722,
1.125166777,2.314937478,2025-07-21 10:15,Reily Opelka,-275,0.739449,0.022555,0.02537813666,1,2025-07-21 20:00,0.009228413332,
1.125166777,2.314937478,2025-07-21 10:15,Alvaro Guillen Meza,180,0.366544,0.014391,0.01619227509,0,2025-07-21 20:00,-0.01619227509,
1.125166777,2.314937478,2025-07-21 10:15,Colton Smith,160,0.387491,0.004596,0.005171266509,0,2025-07-21 20:00,-0.005171266509,
1.91197666,2.406748992,2025-07-22 8:30,Arthur Rinderknech,-235,0.720005,0.062005,0.1185521128,1,2025-07-23 12:00,0.05044770758,
1.91197666,2.406748992,2025-07-22 8:30,Alexander Shevchenko,125,0.451162,0.012072,0.02308138224,1,2025-07-23 12:00,0.0288517278,
1.91197666,2.406748992,2025-07-22 8:30,Reilly Opelka,265,0.274969,0.00137,0.002619408025,0,2025-07-23 18:00,-0.002619408025,
2.0936788,2.237931703,2025-07-22 22:30,Mariano Navone,-185,0.665875,0.047594,0.09964654879,0,2025-07-23 12:10,-0.09964654879,
2.0936788,2.237931703,2025-07-22 22:30,Francisco Comesana,-210,0.688477,0.034149,0.07149703733,0,2025-07-23 12:00,-0.07149703733,
2.0936788,2.237931703,2025-07-22 22:30,Jan Lennard Struff,-225,0.705583,0.042992,0.09001143895,1,2025-07-23 12:00,0.04000508398,
2.0936788,2.237931703,2025-07-22 22:30,Yibing Wu,110,0.488363,0.023151,0.04847075789,1,2025-07-23 18:00,0.05331783368,
2.0936788,2.237931703,2025-07-22 22:30,Bu Yunchaokete,500,0.179175,0.014964,0.03132980956,0,2025-07-23 18:00,-0.03132980956,
2.10367266,2.186092636,2025-07-23 12:15,Jaume Munar,118,0.467517,0.016261,0.03420782113,0,2025-07-23 20:55,-0.03420782113,
2.171253431,2.205461252,2025-07-23 19:30,Pablo Llamas Ruiz,-125,0.576185,0.046197,0.1003053947,N/A,2025-07-24 12:30,0,
2.171253431,2.205461252,2025-07-23 19:30,Alexander Shevchenko,240,0.309217,0.02128,0.04620427301,0,2025-07-24 17:30,-0.04620427301,
2.171253431,2.205461252,2025-07-23 19:30,Arthur Cazaux,133,0.429339,0.032888,0.07140818284,1,2025-07-24 12:30,0.09497288317,
2.171253431,2.205461252,2025-07-23 19:30,Yibing Wu,270,0.288921,0.0252,0.05471558646,0,2025-07-24 12:30,-0.05471558646,
2.171253431,2.205461252,2025-07-23 19:30,Corentin Moutet,-225,0.709513,0.055632,0.1207911709,1,2025-07-24 17:30,0.05368496483,
2.044515284,2.211510728,2025-07-24 12:35,Titouan Droguet,-120,0.571333,0.056773,0.1160732662,0,2025-07-24 17:30,-0.1160732662,
2.044515284,2.211510728,2025-07-24 12:35,Matteo Arnaldi,400,0.21616,0.024906,0.05092069766,0,2025-07-24 22:15,-0.05092069766,
2.044515284,2.211510728,2025-07-24 12:35,Alejandro Davidovich Fokina 	,-140,0.593572,0.024447,0.04998226514,1,2025-07-24 17:30,0.03570161796,
2.087699074,2.138619771,2025-07-24 20:40,Corentin Moutet,310,0.262721,0.02489,0.05196282994,1,2025-07-25 18:30,0.1610847728,
2.035736244,2.087699074,2025-07-24 22:30,Botic Van De Zandschulp,260,0.291956,0.019631,0.0399635382,0,2025-07-25 14:30,-0.0399635382,
2.208820308,2.208820308,2025-07-26 11:00,Carlos Taberner,195,0.357325,0.027562,0.06087950533,0,2025-07-26 17:00,-0.06087950533,
2.208820308,2.208820308,2025-07-26 11:00,Alejandro Davidovich Fokina,240,0.333267,0.055387,0.1223399304,1,2025-07-27 1:00,0.293615833,
2.441556636,2.441556636,2025-07-27 10:15,Liam Draxl,-175,0.652186,0.043467,0.1061271423,0,2025-07-28 21:45,-0.1061271423,
2.441556636,2.441556636,2025-07-27 10:15,Mackenzie Mcdonald,-182,0.657101,0.032974,0.08050788851,1,2025-07-28 17:00,0.04423510358,
2.441556636,2.441556636,2025-07-27 10:15,Francisco Comesana,-172,0.641718,0.025428,0.06208390214,1,2025-07-28 17:00,0.03609529194,
2.192837703,2.441556636,2025-07-28 10:25,Chun Hsin Tseng,126,0.446148,0.006578,0.01442448641,0,2025-07-28 17:00,-0.01442448641,
2.192837703,2.441556636,2025-07-28 10:25,Marcos Giron,-225,0.696007,0.012014,0.02634475216,0,2025-07-28 17:00,-0.02634475216,
2.192837703,2.441556636,2025-07-28 10:25,Tristan Schoolkate,330,0.243232,0.013907,0.03049579393,1,2025-07-28 17:00,0.10063612,
2.47562677,2.581753913,2025-07-28 18:00,Tomas Martin Etcheverry,180,0.385916,0.044554,0.1102990751,1,2025-07-29 23:00,0.1985383352,
2.47562677,2.581753913,2025-07-28 18:00,Emilio Nava,250,0.312198,0.036903,0.09135805471,N/A,2025-07-29 14:00,0,
2.47562677,2.581753913,2025-07-28 18:00,Learner Tien,156,0.403055,0.020245,0.05011906397,1,2025-07-29 23:00,0.07818573979,
2.47562677,2.581753913,2025-07-28 18:00,Giovanni Mpetshi Perricard,160,0.394305,0.015623,0.03867671703,0,2025-07-29 14:00,-0.03867671703,
2.47562677,2.581753913,2025-07-28 18:00,Reily Opelka,138,0.425035,0.008325,0.02060959286,1,2025-07-29 23:00,0.02844123815,
2.47562677,2.581753913,2025-07-28 18:00,Miomir Kecmanovic,-190,0.657155,0.005703,0.01411849947,0,2025-07-29 23:00,-0.01411849947,
2.47562677,2.581753913,2025-07-28 18:00,Facundo Bagnis,550,0.157976,0.004842,0.01198698482,0,2025-07-29 23:00,-0.01198698482,
2.47562677,2.581753913,2025-07-28 18:00,Juan Pablo Ficovich,800,0.115386,0.004772,0.01181369095,0,2025-07-29 23:00,-0.01181369095,
2.47562677,2.581753913,2025-07-28 18:00,Adam Walton,800,0.112611,0.001674,0.004144199214,0,2025-07-29 23:00,-0.004144199214,
2.213858947,2.436950053,2025-07-29 14:10,Bu Yunchaokete,105,0.50879,0.040669,0.09003542951,0,2025-07-30 23:00,-0.09003542951,
2.213858947,2.436950053,2025-07-29 14:10,Aleksandar Vukic,235,0.319051,0.029082,0.0643834459,1,2025-07-30 23:00,0.1513010979,
2.213858947,2.436950053,2025-07-29 14:10,Flavio Cobolli,-400,0.804297,0.021287,0.0471264154,1,2025-07-30 23:00,0.01178160385,
2.213858947,2.436950053,2025-07-29 14:10,Tristan Boyer,600,0.161063,0.021111,0.04673677623,0,2025-07-30 23:00,-0.04673677623,
2.213858947,2.436950053,2025-07-29 14:10,Lorenzo Musetti,-290,0.748512,0.019022,0.04211202489,1,2025-07-29 23:00,0.01452138789,
2.213858947,2.436950053,2025-07-29 14:10,Hugo Gaston,700,0.137109,0.013737,0.03041178035,0,2025-07-30 23:00,-0.03041178035,
2.213858947,2.436950053,2025-07-29 14:10,Francisco Comesana,1100,0.09326,0.010751,0.02380119754,0,2025-07-30 23:00,-0.02380119754,
2.213858947,2.436950053,2025-07-29 14:10,Christopher Oconnell,220,0.318185,0.008195,0.01814257407,1,2025-07-30 23:00,0.03991366296,
2.213858947,2.436950053,2025-07-29 14:10,Dalibor Svrcina,850,0.109695,0.004911,0.01087226129,0,2025-07-29 23:00,-0.01087226129,
2.3830635,2.703701119,2025-07-30 11:45,Tomas Martin Etcheverry,182,0.376806,0.034315,0.08177482399,0,2025-07-31 16:00,-0.08177482399,
2.3830635,2.703701119,2025-07-30 11:45,Emilio Nava,310,0.265019,0.027873,0.06642312893,0,2025-07-31 16:00,-0.06642312893,
2.567514347,2.567514347,2025-07-31 18:15,Ben Shelton,-225,0.70267,0.033664,0.08643280297,1,2025-08-01 23:00,0.0384145791,
2.567514347,2.567514347,2025-07-31 18:15,Jiri Lehecka,-150,0.608494,0.021222,0.05448778947,1,2025-08-01 15:00,0.03632519298,
2.567514347,2.567514347,2025-07-31 18:15,Gabriel Diallo,260,0.28212,0.006008,0.0154256262,0,2025-08-01 23:00,-0.0154256262,
2.567514347,2.567514347,2025-07-31 18:15,Christopher Oconnell,850,0.105629,0.000408,0.001047545854,N/A,2025-08-01 23:00,0,
2.500933565,2.60383954,2025-08-01 18:35,Alexei Popyrin,205,0.354326,0.039323,0.09834421057,1,2025-08-02 23:00,0.2016056317,
2.500933565,2.60383954,2025-08-01 18:35,Francisco Cerundolo,225,0.3225,0.021323,0.0533274064,N/A,2025-08-02 23:00,0,
2.500933565,2.60383954,2025-08-01 18:35,Learner Tien,-105,0.516368,0.00852,0.02130795397,0,2025-08-02 23:00,-0.02130795397,
2.453848922,2.626828493,2025-08-02 11:00,Andrey Rublev,114,0.480302,0.024407,0.05989109063,1,2025-08-04 2:00,0.06827584332,
2.453848922,2.626828493,2025-08-02 11:00,Jiri Lehecka,205,0.338573,0.01591,0.03904073635,0,2025-08-04 2:00,-0.03904073635,
2.453848922,2.626828493,2025-08-02 11:00,Flavio Cobolli,215,0.325397,0.011615,0.02850145523,0,2025-08-04 2:00,-0.02850145523,
2.679692888,2.80712617,2025-08-03 11:00,Alexei Popyrin,270,0.285732,0.02118,0.05675589537,0,2025-08-04 23:00,-0.05675589537,
2.679692888,2.80712617,2025-08-03 11:00,Alex Michelsen,182,0.364174,0.014802,0.03966481413,0,2025-08-04 23:00,-0.03966481413,
2.711439113,2.807859822,2025-08-04 10:50,Andrey Rublev,176,0.368908,0.010333,0.02801730035,0,2025-08-05 22:00,-0.02801730035,
2.683421812,2.711439113,2025-08-05 11:00,Karen Khachanov,215,0.328174,0.015697,0.04212167219,1,2025-08-06 22:10,0.0905615952,
2.64130014,2.683421812,2025-08-06 15:00,Nishesh Basavareddy,130,0.509924,0.11,0.2905430154,N/A,2025-08-08 10:00,0,
2.64130014,2.683421812,2025-08-06 15:00,Damir Dzumhur,136,0.434498,0.017722,0.04680912108,1,2025-08-08 23:30,0.06366040467,
2.64130014,2.683421812,2025-08-06 15:00,Nuno Borges,-182,0.654795,0.025869,0.06832779332,0,2025-08-07 15:15,-0.06832779332,
2.64130014,2.683421812,2025-08-06 15:00,Roman Safiullin,-194,0.667714,0.022509,0.05945302485,1,2025-08-07 15:15,0.0306458891,
2.308850453,2.773983408,2025-08-06 22:30,Matteo Arnaldi,-200,0.678184,0.034508,0.07967381143,0,2025-08-07 15:15,-0.07967381143,
2.308850453,2.773983408,2025-08-06 22:30,Hamad Medjedovic,-110,0.539534,0.032993,0.07617590299,1,2025-08-08 19:20,0.0692508209,
2.308850453,2.773983408,2025-08-06 22:30,Sebastian Baez,185,0.358852,0.012266,0.02832035965,1,2025-08-07 23:50,0.05239266536,
2.308850453,2.773983408,2025-08-06 22:30,Miomir Kecmanovic,-130,0.566448,0.002826,0.00652481138,0,2025-08-08 19:20,-0.00652481138,
2.208254481,2.656627692,2025-08-07 15:30,Alexander Blockx,136,0.462033,0.066163,0.1461047412,1,2025-08-08 15:50,0.1987024481,
2.208254481,2.656627692,2025-08-07 15:30,Adrian Mannarino,-146,0.620293,0.065411,0.1444441339,1,2025-08-07 18:00,0.09893433827,
2.208254481,2.656627692,2025-08-07 15:30,Emilio Nava,-200,0.680561,0.041267,0.09112803768,1,2025-08-08 15:50,0.04556401884,
2.208254481,2.656627692,2025-08-07 15:30,Adam Walton,-116,0.550331,0.028428,0.0627762584,1,2025-08-08 19:20,0.05411746413,
2.208254481,2.656627692,2025-08-07 15:30,Thiago Agustin Tirante,-178,0.64361,0.009137,0.0201768212,0,2025-08-08 15:50,-0.0201768212,
2.208254481,2.656627692,2025-08-07 15:30,Camilo Ugo Carabelli,150,0.402927,0.004826,0.01065703613,1,2025-08-08 15:50,0.01598555419,
2.347601965,2.807954695,2025-08-08 11:05,Aleksandar Vukic,-125,0.569019,0.030287,0.07110182073,0,2025-08-08 23:30,-0.07110182073,
2.347601965,2.807954695,2025-08-08 11:05,Pedro Martinez,770,0.126663,0.013232,0.03106346921,0,2025-08-09 23:30,-0.03106346921,
2.347601965,2.807954695,2025-08-08 11:05,Coleman Wong,188,0.352868,0.008643,0.02029032379,0,2025-08-09 23:30,-0.02029032379,
2.347601965,2.807954695,2025-08-08 11:05,Roberto Carballes Baena,410,0.198291,0.00275,0.006455905405,0,2025-08-09 23:30,-0.006455905405,
3.099622255,3.157431953,2025-08-09 8:45,Emilio Nava,500,0.184543,0.021452,0.06649309661,0,2025-08-09 23:30,-0.06649309661,
3.033129158,3.033129158,2025-08-10 9:00,Learner Tien,160,0.400512,0.025759,0.07813037398,0,2025-08-10 23:30,-0.07813037398,
3.033129158,3.033129158,2025-08-10 9:00,Alexander Blockx,240,0.312209,0.02557,0.07755711257,0,2025-08-10 23:30,-0.07755711257,
3.033129158,3.033129158,2025-08-10 9:00,Nishesh Basavareddy,575,0.160055,0.01266,0.03839941514,0,2025-08-10 23:30,-0.03839941514,
3.033129158,3.033129158,2025-08-10 9:00,Luca Nardi,300,0.25771,0.010244,0.03107137509,1,2025-08-10 23:30,0.09321412528,
3.033129158,3.033129158,2025-08-10 9:00,Damir Dzumhur,1700,0.058454,0.003058,0.009275308965,0,2025-08-10 23:30,-0.009275308965,
2.922981073,2.922981073,2025-08-11 9:40,Jenson Brooksby,230,0.321361,0.026265,0.07677209787,0,2025-08-12 23:30,-0.07677209787,
2.922981073,2.922981073,2025-08-11 9:40,Gabriel Diallo,2200,0.0513,0.008165,0.02386614046,0,2025-08-11 23:30,-0.02386614046,
2.922981073,2.922981073,2025-08-11 9:40,Francisco Comesana,176,0.36682,0.007038,0.02057194079,1,2025-08-12 23:30,0.03620661579,
2.922981073,2.922981073,2025-08-11 9:40,Adrian Mannarino,300,0.252856,0.003797,0.01109855913,1,2025-08-11 23:30,0.0332956774,
2.922981073,2.922981073,2025-08-11 9:40,Hamad Medjedovic,600,0.144259,0.001631,0.004767382129,0,2025-08-12 23:30,-0.004767382129,
2.922981073,2.922981073,2025-08-11 9:40,Joao Fonseca,-325,0.767078,0.010053,0.02938472872,0,2025-08-11 23:30,-0.02938472872,
2.80091446,2.903025881,2025-08-12 12:45,Terence Atmane,750,0.130276,0.014313,0.04008948867,1,2025-08-13 22:10,0.300671165,
2.817603528,2.857693017,2025-08-13 8:45,Adrian Mannarino,1650,0.071019,0.014702,0.04142440707,0,2025-08-13 22:10,-0.04142440707,
2.817603528,2.857693017,2025-08-13 8:45,Francisco Comesana,350,0.231982,0.012503,0.03522849691,0,2025-08-13 22:10,-0.03522849691,
2.817603528,2.857693017,2025-08-13 8:45,Luca Nardi,1160,0.087212,0.008496,0.02393835957,0,2025-08-13 22:10,-0.02393835957,
3.057772918,3.057772918,2025-08-14 8:45,Felix Auger Aliassime,720,0.125897,0.00478,0.01461615455,0,2025-08-14 22:10,-0.01461615455,
3.043156764,3.043156764,2025-08-17 9:30,Hugo Gaston,210,0.335144,0.018545,0.05643534218,0,2025-08-18 21:00,-0.05643534218,
3.043156764,3.043156764,2025-08-17 9:30,Adam Walton,-135,0.57657,0.004937,0.01502406494,0,2025-08-17 20:00,-0.01502406494,
2.971697356,3.028132699,2025-08-18 9:45,Alexander Vukic,-250,0.774175,0.11,0.3268867092,0,2025-08-18 21:00,-0.3268867092,
2.971697356,3.028132699,2025-08-18 9:45,Mariano Navone,-250,0.751517,0.11,0.3268867092,1,2025-08-18 21:00,0.1307546837,
2.971697356,3.028132699,2025-08-18 9:45,Nishesh Basavareddy,-250,0.736783,0.076186,0.2264017348,1,2025-08-18 21:00,0.09056069392,
2.971697356,3.028132699,2025-08-18 9:45,Bu Yunchaokete,215,0.337665,0.028705,0.08530257262,1,2025-08-20 1:00,0.1834005311,
2.971697356,3.028132699,2025-08-18 9:45,Vit Kopriva,225,0.32101,0.018625,0.05534786326,0,2025-08-18 21:00,-0.05534786326,
2.725475589,2.810778162,2025-08-19 9:00,Darwin Blanch,158,0.418046,0.049681,0.1354043527,0,2025-08-20 1:00,-0.1354043527,
2.725475589,2.810778162,2025-08-19 9:00,Lorenzo Sonego,-550,0.85371,0.0489,0.1332757563,1,2025-08-20 1:00,0.02423195569,
2.725475589,2.810778162,2025-08-19 9:00,Christopher Oconnell,142,0.41713,0.006628,0.0180644522,N/A,2025-08-20 1:00,0,
2.883006296,2.883006296,2025-08-20 9:40,Hamad Medjedovic,112,0.473974,0.004307,0.01241710812,1,2025-08-20 19:30,0.01390716109,
2.896913457,2.896913457,2025-08-22 10:00,Marton Fucsovics,166,0.381082,0.00824,0.02387056688,N/A,2025-08-22 15:00,0,
2.896913457,2.896913457,2025-08-23 10:35,Jacob Fearnley,114,0.52001,0.098158,0.2843552311,1,2025-08-26 23:59,0.3241649634,
2.896913457,2.896913457,2025-08-23 10:35,James Duckworth,-140,0.614606,0.073883,0.2140326569,0,2025-08-25 19:00,-0.2140326569,
2.896913457,2.896913457,2025-08-23 10:35,Roman Safiullin,-105,0.534964,0.045864,0.1328640388,1,2025-08-26 23:59,0.1265371798,
2.896913457,2.896913457,2025-08-23 10:35,Botic Van De Zandschulp,108,0.495581,0.027995,0.08109909222,0,2025-08-23 23:00,-0.08109909222,
2.896913457,2.896913457,2025-08-23 10:35,Denis Shapovalov,-140,0.594565,0.026439,0.07659149488,1,2025-08-26 13:20,0.05470821063,
2.896913457,2.896913457,2025-08-23 10:35,Lorenzo Musetti,-230,0.702895,0.019169,0.05553093405,1,2025-08-26 13:45,0.02414388437,
2.052440009,2.896913457,2025-08-23 10:45,Leandro Riedi,-140,0.60723,0.056392,0.115741197,1,2025-08-26 17:40,0.08267228355,
2.052440009,2.896913457,2025-08-23 10:45,Zachary Svajda,-265,0.741183,0.054307,0.1114618596,1,2025-08-25 16:45,0.04206107908,
2.052440009,2.896913457,2025-08-23 10:45,Learner Tien,580,0.189058,0.048944,0.1004546238,0,2025-08-25 16:45,-0.1004546238,
2.052440009,2.896913457,2025-08-23 10:45,Nishesh Basavareddy,315,0.261906,0.027154,0.055731956,0,2025-08-25 20:30,-0.055731956,
2.052440009,2.896913457,2025-08-23 10:45,Sebastian Korda,-190,0.660925,0.016366,0.03359023318,0,2025-08-25 16:45,-0.03359023318,
2.052440009,2.896913457,2025-08-23 10:45,Christopher Oconnell,1280,0.080633,0.008662,0.01777823536,0,2025-08-26 23:59,-0.01777823536,
2.052440009,2.896913457,2025-08-23 10:45,Hugo Dellien,1060,0.088112,0.002046,0.004199292258,0,2025-08-25 19:00,-0.004199292258,
1.613482612,2.896913457,2025-08-23 10:55,Darwin Blanch,-115,0.578527,0.093625,0.1510623095,0,2025-08-25 16:45,-0.1510623095,
1.613482612,2.896913457,2025-08-23 10:55,Luciano Darderi,-165,0.640917,0.048011,0.07746491367,1,2025-08-25 16:45,0.04694843253,
1.613482612,2.896913457,2025-08-23 10:55,Holger Rune,-285,0.747794,0.028719,0.04633760712,1,2025-08-25 19:00,0.01625880952,
1.613482612,2.896913457,2025-08-23 10:55,Daniil Medvedev,-385,0.798268,0.021381,0.03449787172,0,2025-08-25 16:45,-0.03449787172,
1.613482612,2.896913457,2025-08-23 10:55,Ethan Quinn,-140,0.586094,0.006561,0.01058605942,0,2025-08-25 16:45,-0.01058605942,
1.613482612,2.896913457,2025-08-23 10:55,Borna Coric,570,0.154046,0.005579,0.00900161949,0,2025-08-25 16:45,-0.00900161949,
1.284532231,2.815814365,2025-08-24 11:15,Shintaro Mochizuki,-172,0.661472,0.079165,0.101689994,1,2025-08-26 17:40,0.05912208956,
1.284532231,2.815814365,2025-08-24 11:15,Mackenzie Mcdonald,-118,0.552154,0.023607,0.03032395237,0,2025-08-25 19:00,-0.03032395237,
1.493050986,2.277602111,2025-08-25 21:00,Zachary Svajda,890,0.138295,0.041466,0.06191085218,0,2025-08-27 19:00,-0.06191085218,
1.493050986,2.277602111,2025-08-25 21:00,Luciano Darderi,-165,0.62783,0.013587,0.02028608374,1,2025-08-27 23:59,0.01229459621,
1.493050986,2.277602111,2025-08-25 21:00,Pablo Carreno Busta,860,0.108101,0.004342,0.00648282738,0,2025-08-27 23:59,-0.00648282738,
1.615345746,2.356454206,2025-08-26 13:55,Flavio Cobolli,-152,0.612153,0.022617,0.03653427475,1,2025-08-28 19:35,0.02403570707,
1.615345746,2.356454206,2025-08-26 13:55,Tomas Machac,-110,0.533037,0.019371,0.03129086245,1,2025-08-27 19:00,0.02844623859,
1.615345746,2.356454206,2025-08-26 13:55,Coleman Wong,136,0.425639,0.003312,0.005350025112,1,2025-08-28 19:35,0.007276034153,
2.829054662,2.897707873,2025-08-27 19:30,Tristan Schoolkate,430,0.207098,0.022688,0.06418559218,0,2025-08-28 19:35,-0.06418559218,
2.829054662,2.897707873,2025-08-27 19:30,Jacob Fearnley,760,0.121179,0.005532,0.01565033039,0,2025-08-28 23:59,-0.01565033039,
2.829054662,2.897707873,2025-08-27 19:30,Leandro Riedi,195,0.348538,0.014423,0.0408034554,1,2025-08-28 19:35,0.07956673802,
2.740995964,2.903519642,2025-08-28 9:30,Cameron Norrie,890,0.103341,0.002593,0.007107402536,0,2025-08-29 23:59,-0.007107402536,
2.740995964,2.903519642,2025-08-28 9:30,Jerome Kym,1000,0.092256,0.001481,0.004059415023,0,2025-08-29 23:59,-0.004059415023,
2.923395381,2.934562199,2025-08-29 9:30,Benjamin Bonzi,-126,0.562199,0.01057,0.03090028918,0,2025-08-29 23:59,-0.03090028918,
2.892495092,2.892495092,2025-08-30 9:15,Coleman Wong,870,0.105937,0.00547,0.01582194815,0,2025-08-30 18:30,-0.01582194815,
2.892495092,2.892495092,2025-08-30 9:15,Tomas Machac,220,0.333667,0.030781,0.08903389143,0,2025-08-31 21:30,-0.08903389143,
2.787639253,2.876673144,2025-08-31 8:45,Leandro Riedi,1000,0.092216,0.001438,0.004008625245,0,2025-09-02 23:30,-0.004008625245,
2.783630627,2.787639253,2025-09-01 8:45,Taylor Fritz,162,0.403894,0.035927,0.1000074975,0,2025-09-02 23:30,-0.1000074975,
2.68362313,2.68362313,2025-09-03 9:20,Alex De Minaur,-154,0.614941,0.021948,0.05890016045,0,2025-09-05 23:30,-0.05890016045,
2.68362313,2.68362313,2025-09-03 9:20,Carlos Alcaraz,-350,0.781194,0.015369,0.04124460388,1,2025-09-05 23:30,0.01178417254,
2.636507142,2.636507142,2025-09-11 22:30,Pittsburgh Steelers,-154,0.684519,0.187367,0.4939944336,0,2025-09-14 23:59,-0.4939944336,
2.636507142,2.636507142,2025-09-11 22:30,Cincinnati Bengals,-180,0.683752,0.166284,0.4384089536,1,2025-09-14 23:59,0.2435605298,
2.636507142,2.636507142,2025-09-11 22:30,Atlanta Falcons,155,0.454689,0.096473,0.2543517535,1,2025-09-14 23:59,0.3942452179,
2.636507142,2.636507142,2025-09-11 22:30,Dallas Cowboys,-230,0.725039,0.084551,0.2229193153,1,2025-09-14 23:59,0.09692144146,
2.636507142,2.636507142,2025-09-11 22:30,Los Angeles Chargers,-174,0.668114,0.083009,0.2188538213,1,2025-09-16 2:00,0.1257780582,
2.636507142,2.636507142,2025-09-11 22:30,Detroit Lions,-260,0.740122,0.058675,0.1546970565,1,2025-09-14 23:59,0.0594988679,
2.636507142,2.636507142,2025-09-11 22:30,Miami Dolphins,-126,0.574568,0.035196,0.09279450536,0,2025-09-14 23:59,-0.09279450536,
2.636507142,2.636507142,2025-09-11 22:30,Tampa Bay Buccaneers,120,0.478668,0.040561,0.1069393662,1,2025-09-16 2:00,0.1283272394,
2.636507142,2.636507142,2025-09-11 22:30,Baltimore Ravens,-700,0.87871,0.027004,0.07119623886,1,2025-09-14 23:59,0.01017089127,
2.636507142,2.636507142,2025-09-11 22:30,Carolina Panthers,260,0.28881,0.013998,0.03690582697,0,2025-09-14 23:59,-0.03690582697,
2.636507142,2.636507142,2025-09-11 22:30,Tennessee Titans,210,0.331321,0.011803,0.0311186938,0,2025-09-14 23:59,-0.0311186938,
2.460297443,2.78609063,2025-09-15 14:00,Dallas Cowboys,102,0.535451,0.07959,0.1958150735,0,2025-09-21 19:30,-0.1958150735,
2.460297443,2.78609063,2025-09-15 14:00,Arizona Cardinals,105,0.518707,0.059853,0.1472561828,0,2025-09-21 19:30,-0.1472561828,
2.460297443,2.78609063,2025-09-15 14:00,Seattle Seahawks,-350,0.784309,0.029043,0.07145441863,1,2025-09-21 19:30,0.02041554818,
2.460297443,2.78609063,2025-09-15 14:00,Detroit Lions,220,0.327372,0.021403,0.05265774617,1,2025-09-22 23:59,0.1158470416,
2.460297443,2.78609063,2025-09-15 14:00,Indianapolis Colts,-165,0.627433,0.012546,0.03086689172,1,2025-09-21 16:15,0.0187072071,
2.460297443,2.78609063,2025-09-15 14:00,New York Giants,225,0.312824,0.007326,0.01802413907,0,2025-09-21 23:59,-0.01802413907,
2.524121476,3.040195928,2025-09-16 10:45,Atlanta Falcons,-225,0.714793,0.072776,0.1836954645,0,2025-09-21 16:15,-0.1836954645,
2.524121476,3.040195928,2025-09-16 10:45,Cincinnati Bengals,140,0.448121,0.053791,0.1357750183,0,2025-09-21 16:15,-0.1357750183,
2.204650993,3.040195928,2025-09-16 14:00,Alexander Shevchenko,175,0.433258,0.10938,0.2411447256,1,2025-09-18 18:30,0.4220032699,
2.204650993,3.040195928,2025-09-16 14:00,Juan Manuel Cerundolo,190,0.344912,0.008796,0.01939211014,0,2025-09-18 18:30,-0.01939211014,
2.204650993,3.040195928,2025-09-16 14:00,Ethan Quinn,120,0.459624,0.00913,0.02012846357,0,2025-09-17 8:00,-0.02012846357,
1.923985694,3.020067464,2025-09-17 8:45,Washington Commanders,-186,0.705096,0.15594,0.3000263291,1,2025-09-21 16:15,0.161304478,
1.923985694,3.020067464,2025-09-17 8:45,Tampa Bay Buccaneers,-300,0.75964,0.037861,0.07284402236,1,2025-09-21 16:15,0.02428134079,
1.923985694,3.020067464,2025-09-17 8:45,Los Angeles Chargers,-148,0.624609,0.067991,0.1308137113,1,2025-09-21 19:30,0.08838764278,
1.420301631,3.020067464,2025-09-17 21:55,Giulio Zeppieri,-390,0.829365,0.11,0.1562331794,1,2025-09-18 18:30,0.0400597896,
1.420301631,3.020067464,2025-09-17 21:55,Alejandro Tabilo,-116,0.566065,0.061574,0.08745365263,1,2025-09-18 18:30,0.07539107986,
1.420301631,3.020067464,2025-09-17 21:55,Nishesh Basavareddy,-185,0.670629,0.060077,0.08532746109,1,2025-09-18 18:30,0.04612295194,
1.420301631,3.020067464,2025-09-17 21:55,Yi Zhou,186,0.378041,0.042908,0.06094230239,0,2025-09-19 17:00,-0.06094230239,
1.420301631,3.020067464,2025-09-17 21:55,Juncheng Shang,136,0.448644,0.042438,0.06027476062,0,2025-09-19 17:00,-0.06027476062,
1.420301631,3.020067464,2025-09-17 21:55,Rinky Hijikata,-190,0.669864,0.041715,0.05924788254,1,2025-09-19 17:00,0.03118309607,
1.420301631,3.020067464,2025-09-17 21:55,Dalibor Svrcina,250,0.297,0.01548,0.02198626925,1,2025-09-18 18:30,0.05496567312,
1.420301631,3.020067464,2025-09-17 21:55,Matteo Arnaldi,-112,0.534522,0.012906,0.01833041285,0,2025-09-19 17:00,-0.01833041285,
1.420301631,3.020067464,2025-09-17 21:55,Valentin Royer,-145,0.593029,0.002858,0.004059222062,1,2025-09-19 17:00,0.002799463491,
2.097134541,3.639218119,2025-09-18 18:45,Nishesh Basavareddy,186,0.368703,0.029285,0.06141458502,0,2025-09-20 12:00,-0.06141458502,
2.097134541,3.639218119,2025-09-18 18:45,Alejandro Tabilo,-150,0.608574,0.0214,0.04487867917,1,2025-09-19 17:00,0.02991911945,
2.097134541,3.639218119,2025-09-18 18:45,Alexander Shevchenko,162,0.384538,0.004614,0.009676178771,1,2025-09-20 12:00,0.01567540961,
2.097134541,3.639218119,2025-09-18 18:45,Dino Prizmic,195,0.341354,0.00358,0.007507741656,0,2025-09-20 12:00,-0.007507741656,
2.145744819,3.563572322,2025-09-19 17:45,Sebastian Korda,-182,0.646564,0.003311,0.007104561095,0,2025-09-20 12:00,-0.007104561095,
2.138640258,3.563572322,2025-09-20 0:15,Alejandro Tabilo,-180,0.669373,0.074011,0.1582829041,1,2025-09-21 12:00,0.08793494673,
2.138640258,3.563572322,2025-09-20 0:15,Valentin Royer,400,0.223054,0.028734,0.06145168917,1,2025-09-20 12:00,0.2458067567,
2.251515699,3.7490276,2025-09-20 13:35,Yibing Wu,260,0.298471,0.028652,0.0645104278,1,2025-09-21 12:00,0.1677271123,
2.251515699,3.7490276,2025-09-20 13:35,Corentin Moutet,124,0.448335,0.003437,0.007738459456,1,2025-09-21 12:00,0.009595689726,
2.179266811,3.7490276,2025-09-20 16:40,Dalibor Svrcina,290,0.275848,0.02614,0.05696603445,0,2025-09-21 12:00,-0.05696603445,
3.537191907,3.589849653,2025-09-22 13:00,Arizona Cardinals,-110,0.58175,0.116985,0.4137983952,0,2025-09-25 23:59,-0.4137983952,
3.537191907,3.589849653,2025-09-22 13:00,Indianapolis Colts,168,0.445558,0.112265,0.3971028494,0,2025-09-28 20:00,-0.3971028494,
3.537191907,3.589849653,2025-09-22 13:00,Jacksonville Jaguars,166,0.420787,0.068846,0.243521514,1,2025-09-28 20:00,0.4042457133,
3.537191907,3.589849653,2025-09-22 13:00,Philadelphia Eagles,-155,0.627613,0.047772,0.1689787318,1,2025-09-28 20:00,0.1090185366,
3.537191907,3.589849653,2025-09-22 13:00,Chicago Bears,-102,0.527646,0.043507,0.1538926083,1,2025-09-28 20:00,0.1508751062,
3.537191907,3.589849653,2025-09-22 13:00,Green Bay Packers,-250,0.726722,0.041179,0.1456580255,N/A,2025-09-28 23:59,0,
3.537191907,3.589849653,2025-09-22 13:00,Carolina Panthers,198,0.356199,0.029507,0.1043719216,0,2025-09-28 20:00,-0.1043719216,
3.537191907,3.589849653,2025-09-22 13:00,Washington Commanders,-142,0.599062,0.02815,0.09957195218,0,2025-09-28 20:00,-0.09957195218,
3.537191907,3.589849653,2025-09-22 13:00,Cincinnati Bengals,290,0.273853,0.02232,0.07895012337,0,2025-09-29 23:59,-0.07895012337,
3.537191907,3.589849653,2025-09-22 13:00,Houston Texans,-345,0.779152,0.016297,0.05764561651,1,2025-09-28 20:00,0.01670887435,
3.537191907,3.589849653,2025-09-22 13:00,Pittsburgh Steelers,125,0.449933,0.009355,0.03309043029,1,2025-09-28 20:00,0.04136303786,
3.537191907,3.589849653,2025-09-22 13:00,New York Jets,132,0.436069,0.008379,0.02963813099,0,2025-09-29 23:59,-0.02963813099,
1.610971608,3.589849653,2025-09-22 16:30,Luciano Darderi,-165,0.636952,0.037905,0.06106387879,1,2025-09-25 12:00,0.03700841139,
1.610971608,3.589849653,2025-09-22 16:30,Valentin Royer,270,0.278852,0.011748,0.01892569445,0,2025-09-23 11:00,-0.01892569445,
1.610971608,3.589849653,2025-09-22 16:30,Alejandro Tabilo,-130,0.568571,0.007703,0.01240931429,0,2025-09-25 12:00,-0.01240931429,
1.610971608,3.589849653,2025-09-22 16:30,Shintaro Mochizuki,250,0.288028,0.003235,0.005211493151,0,2025-09-25 12:00,-0.005211493151,
1.610971608,3.589849653,2025-09-22 16:30,Gabriel Diallo,380,0.208619,0.00036,0.0005799497788,0,2025-09-25 12:00,-0.0005799497788,
1.681286065,3.686771,2025-09-23 12:45,Detroit Lions,-450,0.852965,0.19114,0.3213610185,1,2025-09-28 20:00,0.07141355966,
1.681286065,3.686771,2025-09-23 12:45,Baltimore Ravens,-146,0.607842,0.03495,0.05876094797,0,2025-09-28 20:00,-0.05876094797,
1.301164099,3.686771,2025-09-23 13:30,Alexander Vukic,-175,0.650056,0.03765,0.04898882831,1,2025-09-25 12:00,0.02799361618,
1.301164099,3.686771,2025-09-23 13:30,Tomas Machac,-300,0.754598,0.018375,0.02390889031,0,2025-09-25 12:00,-0.02390889031,
1.403321115,3.70966338,9/25/2025 13:10:00,Alexander Vukic,-105,0.549223,0.075906,0.1065204925,1,2025-09-26 8:00,0.1014480881,
1.403321115,3.70966338,9/25/2025 13:10:00,Sebastian Korda,-300,0.751276,0.005074,0.007120451336,1,2025-09-26 8:00,0.002373483779,
1.403321115,3.70966338,9/25/2025 13:10:00,Alexander Bublik,-200,0.668639,0.005885,0.00825854476,0,2025-09-26 8:00,-0.00825854476,
1.498884142,3.391428012,9/26/2025 12:15:00,Alexander Vukic,290,0.269765,0.017934,0.0268809882,0,2025-09-28 20:00,-0.0268809882,
1.498884142,3.391428012,9/26/2025 12:15:00,Sebastian Korda,215,0.335763,0.026791,0.04015660504,0,2025-09-28 20:00,-0.04015660504,
1.498884142,3.391428012,9/26/2025 12:15:00,Learner Tien,140,0.419476,0.004805,0.007202138301,1,2025-09-28 20:00,0.01008299362,
1.42464441,3.391428012,9/27/2025 21:35:00,Jakub Mensik,180,0.637023,0.009076,0.01293007267,N/A,2025-09-29 10:00,0,
3.346772242,3.468290569,9/29/2025 0:20:00,Jenson Brooksby,280,0.279867,0.022661,0.07584120579,0,2025-09-29 10:00,-0.07584120579,
3.346772242,3.468290569,9/29/2025 0:20:00,Casper Ruud,590,0.154286,0.01093,0.03658022061,0,2025-09-29 10:00,-0.03658022061,
3.346772242,3.468290569,9/29/2025 0:20:00,Learner Tien,200,0.336412,0.004608,0.01542192649,1,2025-09-29 10:00,0.03084385299,
3.278124742,3.386712996,9/29/2025 10:15:00,Indianapolis Colts,-298,0.782983,0.135156,0.4430582276,1,2025-10-05 20:00,0.1486772576,
3.278124742,3.386712996,9/29/2025 10:15:00,Arizona Cardinals,-500,0.844436,0.065663,0.2152515049,0,2025-10-05 20:00,-0.2152515049,
3.278124742,3.386712996,9/29/2025 10:15:00,Los Angeles Rams,-178,0.661797,0.059038,0.1935339285,0,2025-10-03 12:00,-0.1935339285,
3.278124742,3.386712996,9/29/2025 10:15:00,Jacksonville Jaguars,140,0.441747,0.042497,0.1393104671,N/A,2025-09-30 9:00,0,
3.278124742,3.386712996,9/29/2025 10:15:00,Tampa Bay Buccaneers,126,0.464125,0.038348,0.1257095276,1,2025-10-05 20:00,0.1583940048,
2.161261086,3.386712996,9/29/2025 12:00:00,Alex De Minaur,540,0.840735,0.003573,0.00772218586,0,2025-09-30 8:00,-0.00772218586,
2.1535389,3.386712996,9/29/2025 12:45:00,Sebastian Baez,112,0.494301,0.042678,0.09190873318,1,2025-10-01 11:00,0.1029377812,
2.1535389,3.386712996,9/29/2025 12:45:00,Learner Tien,290,0.277815,0.028724,0.06185825137,1,2025-09-30 8:00,0.179388929,
2.1535389,3.386712996,9/29/2025 12:45:00,Fabian Marozsan,-215,0.68698,0.013925,0.02998802918,1,2025-10-01 11:00,0.01394792055,
2.1535389,3.386712996,9/29/2025 12:45:00,Christopher Oconnell,-140,0.589026,0.013603,0.02929458966,1,2025-10-02 12:00,0.0209247069,
2.1535389,3.386712996,9/29/2025 12:45:00,Bu Yunchaokete,-284,0.649047,0.003278,0.007059300514,1,2025-10-02 12:00,0.002485669195,
1.933429996,3.386712996,9/29/2025 18:40:00,Washington Commanders,134,0.493943,0.116288,0.2248347074,1,2025-10-05 20:00,0.3012785079,
1.708595289,3.386712996,9/29/2025 20:30:00,Taylor Fritz,360,0.225696,0.01061,0.01812819601,0,2025-09-30 8:00,-0.01812819601,
1.708595289,3.386712996,9/29/2025 20:30:00,Camilo Ugo Carabelli,380,0.208802,0.000591,0.001009779816,1,2025-10-02 12:00,0.0038371633,
1.708595289,3.386712996,9/29/2025 20:30:00,Yi Zhou,195,0.3415,0.003805,0.006501205074,0,2025-10-02 12:00,-0.006501205074,
1.708595289,3.386712996,9/29/2025 20:30:00,Luca Nardi,-138,0.581909,0.004941,0.008442169322,1,2025-10-01 11:00,0.006117514001,
1.915761119,3.431663289,9/30/2025 8:45:00,Dallas Cowboys,-142,0.664794,0.187542,0.3592856718,1,2025-10-05 20:00,0.2530180787,
1.915761119,3.431663289,9/30/2025 8:45:00,Denver Broncos,185,0.390247,0.059131,0.1132808707,1,2025-10-05 20:00,0.2095696108,
1.582505044,3.431663289,9/30/2025 16:45:00,Alejandro Tabilo,-130,0.605026,0.090434,0.1431122611,1,2025-10-02 12:00,0.1100863547,
1.582505044,3.431663289,9/30/2025 16:45:00,Valentin Vacherot,-172,0.664267,0.085532,0.1353548214,1,2025-10-01 11:00,0.0786946636,
1.582505044,3.431663289,9/30/2025 16:45:00,Valentin Royer,-225,0.716203,0.076363,0.1208448326,1,2025-10-02 12:00,0.05370881451,
1.582505044,3.431663289,9/30/2025 16:45:00,Mackenzie Mcdonald,-175,0.659193,0.061718,0.09766904628,0,2025-10-02 12:00,-0.09766904628,
1.582505044,3.431663289,9/30/2025 16:45:00,Tristan Schoolkate,-116,0.559993,0.048754,0.07715345089,0,2025-10-01 11:00,-0.07715345089,
1.582505044,3.431663289,9/30/2025 16:45:00,Lorenzo Sonego,-140,0.589121,0.013629,0.02156796124,0,2025-10-02 12:00,-0.02156796124,
1.582505044,3.431663289,9/30/2025 16:45:00,Yoshihito Nishioka,-144,0.593783,0.008665,0.0137124062,1,2025-10-01 11:00,0.009522504307,
1.463716807,3.565730221,10/1/2025 11:40:00,David Goffin,245,0.310202,0.028615,0.04188425642,1,2025-10-03 12:00,0.1026164282,
1.463716807,3.565730221,10/1/2025 11:40:00,Adrian Mannarino,116,0.474339,0.021125,0.03092101754,0,2025-10-03 12:00,-0.03092101754,
1.463716807,3.565730221,10/1/2025 11:40:00,Flavio Cobolli,-110,0.533169,0.019597,0.02868445826,0,2025-10-03 12:00,-0.02868445826,
1.463716807,3.565730221,10/1/2025 11:40:00,Jordan Thompson,138,0.420891,0.013029,0.01907076627,0,2025-10-03 12:00,-0.01907076627,
1.463716807,3.565730221,10/1/2025 11:40:00,Valentin Vacherot,280,0.269778,0.008958,0.01311197515,1,2025-10-03 12:00,0.03671353043,
1.822407805,3.631034718,10/2/2025 13:45:00,Nuno Borges,140,0.43581,0.032659,0.05951801652,N/A,2025-10-04 12:00,0,
1.822407805,3.631034718,10/2/2025 13:45:00,Valentin Royer,410,0.215067,0.023526,0.04287396603,0,2025-10-04 13:00,-0.04287396603,
1.822407805,3.631034718,10/2/2025 13:45:00,Arthur Cazaux,-110,0.530092,0.01311,0.02389176633,0,2025-10-04 13:00,-0.02389176633,
1.822407805,3.631034718,10/2/2025 13:45:00,Camilo Ugo Carabelli,1600,0.070666,0.012537,0.02284752666,0,2025-10-04 13:00,-0.02284752666,
1.822407805,3.631034718,10/2/2025 13:45:00,Zizou Bergs,235,0.305273,0.009585,0.01746777881,1,2025-10-03 12:00,0.04104928021,
1.822407805,3.631034718,10/2/2025 13:45:00,Sebastian Baez,430,0.194894,0.007614,0.01387581303,0,2025-10-04 13:00,-0.01387581303,
1.822407805,3.631034718,10/2/2025 13:45:00,Yoshihito Nishioka,320,0.239267,0.001528,0.002784639127,1,2025-10-04 13:00,0.008910845205,
1.891991548,3.539203786,10/3/2025 18:00:00,Matteo Arnaldi,194,0.347621,0.011403,0.02157437962,0,2025-10-04 13:00,-0.02157437962,
1.941630669,3.423051179,10/4/2025 21:30:00,David Goffin,166,0.37896,0.00484,0.00939749244,N/A,2025-10-05 20:00,0,
1.941630669,3.423051179,10/4/2025 21:30:00,Giovanni Mpetshi Perricard,300,0.253623,0.00483,0.009378076133,1,2025-10-05 20:00,0.0281342284,
4.306871363,4.306871363,10/6/2025 11:15:00,Pittsburgh Steelers,-235,0.741898,0.135327,0.5828359809,1,2025-10-12 17:00,0.248015311,
4.306871363,4.306871363,10/6/2025 11:15:00,Cincinnati Bengals,800,0.115394,0.004779,0.02058253824,0,2025-10-12 19:25,-0.02058253824,
4.306871363,4.306871363,10/6/2025 11:15:00,Chicago Bears,180,0.359711,0.00396,0.0170552106,1,10/21/2025 2:00:00,0.03069937907,
3.686397633,4.306871363,10/6/2025 14:25:00,Arthur Rinderknech,250,0.297856,0.016995,0.06265032777,1,10/8/2025 11:00:00,0.1566258194,
3.686397633,4.306871363,10/6/2025 14:25:00,Zizou Bergs,136,0.431283,0.0131,0.04829180899,1,2025-10-07 11:00,0.06567686023,
3.575455496,4.306871363,10/6/2025 14:55:00,Los Angeles Rams,-360,0.795624,0.059629,0.2132008358,1,2025-10-12 17:00,0.05922245438,
3.575455496,4.306871363,10/6/2025 14:55:00,Las Vegas Raiders,-230,0.709413,0.040928,0.1463362425,1,2025-10-12 19:00,0.06362445328,
3.575455496,4.306871363,10/6/2025 14:55:00,Miami Dolphins,198,0.36016,0.036961,0.1321524106,0,2025-10-12 17:00,-0.1321524106,
3.575455496,4.306871363,10/6/2025 14:55:00,New England Patriots,-196,0.662168,0.020192,0.07219559738,1,2025-10-12 17:00,0.03683448846,
3.575455496,4.306871363,10/6/2025 14:55:00,Atlanta Falcons,180,0.364793,0.011845,0.04235127035,1,10/21/2025 2:00:00,0.07623228663,
3.083187809,4.372548223,10/7/2025 12:15:00,Tampa Bay Buccaneers,-154,0.654233,0.121751,0.3753811989,1,2025-10-12 19:00,0.2437540253,
2.70780661,4.372548223,10/7/2025 17:20:00,Zizou Bergs,330,0.243381,0.014096,0.03816924197,0,10/9/2025 11:00:00,-0.03816924197,
2.70780661,4.372548223,10/7/2025 17:20:00,Nuno Borges,560,0.159652,0.009584,0.02595161855,0,10/8/2025 11:00:00,-0.02595161855,
2.862961896,4.465053182,10/9/2025 17:00:00,Valentin Vacherot,550,0.159491,0.006671,0.01909881881,1,10/11/2025 11:00:00,0.1050435035,
2.843863078,4.465053182,10/10/2025 17:55:00,Arthur Rinderknech,245,0.292941,0.004345,0.01235658507,1,10/11/2025 11:00:00,0.03027363343,
2.998279033,4.600370319,10/11/2025 20:10:00,Luca Nardi,220,0.325204,0.018479,0.05540519826,0,10/13/2025 9:00:00,-0.05540519826,
4.984274423,5.099086102,10/12/2025 20:30:00,Nicolai Budkov Kjaer,110,0.534105,0.11,0.5482701865,0,10/14/2025 13:00:00,-0.5482701865,
4.984274423,5.099086102,10/12/2025 20:30:00,Ugo Blanchet,-106,0.530381,0.03215,0.1602444227,0,10/13/2025 9:00:00,-0.1602444227,
4.984274423,5.099086102,10/12/2025 20:30:00,Arthur Cazaux,-275,0.735243,0.007056,0.03516904033,0,10/15/2025 16:00:00,-0.03516904033,
4.984274423,5.099086102,10/12/2025 20:30:00,Sebastian Korda,-205,0.673805,0.005032,0.0250808689,1,10/13/2025 19:20:00,0.01223457019,
4.984274423,5.099086102,10/12/2025 20:30:00,Alexander Shevchenko,-130,0.567129,0.004333,0.02159686107,1,10/14/2025 13:00:00,0.01661297006,
4.984274423,5.099086102,10/12/2025 20:30:00,Mackenzie Mcdonald,150,0.401455,0.00239,0.01191241587,0,10/15/2025 16:00:00,-0.01191241587,
4.182000628,4.883436481,10/13/2025 9:40:00,Seattle Seahawks,-160,0.662967,0.120682,0.5046921997,1,10/21/2025 2:00:00,0.3154326248,
4.182000628,4.883436481,10/13/2025 9:40:00,Carolina Panthers,-104,0.553608,0.095932,0.4011876842,1,10/19/2025 16:15:00,0.3857573887,
4.182000628,4.883436481,10/13/2025 9:40:00,Indianapolis Colts,-102,0.545552,0.0798,0.3337236501,1,10/19/2025 19:45:00,0.3271800491,
4.182000628,4.883436481,10/13/2025 9:40:00,Philadelphia Eagles,-146,0.615279,0.051842,0.2168032765,1,10/19/2025 16:15:00,0.1484953949,
4.182000628,4.883436481,10/13/2025 9:40:00,Miami Dolphins,120,0.471065,0.029294,0.1225075264,0,10/19/2025 16:15:00,-0.1225075264,
4.182000628,4.883436481,10/13/2025 9:40:00,New York Giants,300,0.272299,0.028854,0.1206674461,0,10/19/2025 19:45:00,-0.1206674461,
4.182000628,4.883436481,10/13/2025 9:40:00,Jacksonville Jaguars,145,0.421671,0.022069,0.09229257185,0,10/19/2025 16:15:00,-0.09229257185,
4.182000628,4.883436481,10/13/2025 9:40:00,Arizona Cardinals,265,0.284585,0.014139,0.05912930687,0,10/19/2025 19:45:00,-0.05912930687,
4.182000628,4.883436481,10/13/2025 9:40:00,Cincinnati Bengals,230,0.308988,0.008261,0.03454750718,1,10/16/2025 23:59:00,0.07945926652,
4.182000628,4.883436481,10/13/2025 9:40:00,Tennessee Titans,275,0.268704,0.002684,0.01122448968,0,10/19/2025 16:15:00,-0.01122448968,
2.285224969,4.883436481,10/13/2025 13:00:00,Federico Cina,146,0.452392,0.076886,0.175701807,0,10/15/2025 16:00:00,-0.175701807,
2.285224969,4.883436481,10/13/2025 13:00:00,Mark Lajal,-135,0.611874,0.08715,0.199157356,0,10/14/2025 13:00:00,-0.199157356,
1.910365806,4.883436481,10/13/2025 18:30:00,Detroit Lions,-225,0.702179,0.032083,0.06129026615,1,10/21/2025 2:00:00,0.02724011829,
1.84907554,4.883436481,10/13/2025 19:10:00,Valentin Royer,-250,0.719816,0.019351,0.03578146077,1,10/14/2025 13:00:00,0.01431258431,
1.84907554,4.883436481,10/13/2025 19:10:00,Giulio Zeppieri,152,0.403739,0.01146,0.02119040569,0,10/14/2025 19:00:00,-0.02119040569,
1.917722989,4.179169063,10/14/2025 13:45:00,Valentin Royer,100,0.565937,0.11,0.2109495288,0,10/15/2025 16:00:00,-0.2109495288,
1.917722989,4.179169063,10/14/2025 13:45:00,Yannick Haffmann,-146,0.62473,0.075431,0.1446557628,1,10/15/2025 16:00:00,0.09907928956,
1.917722989,4.179169063,10/14/2025 13:45:00,Brandon Nakashima,-150,0.608046,0.01967,0.03772161119,0,10/15/2025 16:00:00,-0.03772161119,
1.917722989,4.179169063,10/14/2025 13:45:00,Leo Borg,950,0.099208,0.004294,0.008234702513,0,10/16/2025 15:00:00,-0.008234702513,
1.917722989,4.179169063,10/14/2025 13:45:00,Adam Walton,600,0.145943,0.003522,0.006754220366,0,10/16/2025 15:00:00,-0.006754220366,
1.917722989,4.179169063,10/14/2025 13:45:00,Marcos Giron,132,0.432172,0.001956,0.003751066166,0,10/15/2025 17:20:00,-0.003751066166,
1.505656097,4.157978658,10/14/2025 19:15:00,Nikoloz Basilashvili,-115,0.561574,0.001956,0.002945063326,1,10/15/2025 16:00:00,0.002560924631,
1.505656097,4.157978658,10/14/2025 19:15:00,Gilles Arnaud Bailly,580,0.16303,0.001956,0.002945063326,0,10/15/2025 16:00:00,-0.002945063326,
1.749007011,3.781468339,10/15/2025 17:25:00,Nikoloz Basilashvili,140,0.344848,0.013229,0.02313761374,N/A,10/16/2025 15:00:00,0,
1.749007011,3.781468339,10/15/2025 17:25:00,Damir Dzumhur,550,0.15605,0.002604,0.004554414255,0,10/16/2025 15:00:00,-0.004554414255,
1.749007011,3.781468339,10/15/2025 17:25:00,James Duckworth,192,0.424384,0.003623,0.006336652399,1,10/17/2025 13:00:00,0.01216637261,
1.870625743,3.853550641,10/17/2025 21:30:00,James Duckworth,430,0.805983,0.00658,0.01230871739,0,10/18/2025 11:00:00,-0.01230871739,
1.858317025,3.853550641,10/18/2025 7:45:00,Holger Rune,105,0.494585,0.013235,0.02459482583,N/A,10/18/2025 11:00:00,0,
1.858317025,3.853550641,10/18/2025 7:45:00,Alex Michelsen,110,0.482175,0.011423,0.02122755538,0,10/18/2025 16:15:00,-0.02122755538,
3.650236913,4.27562586,10/19/2025 23:15:00,Lorenzo Musetti,-225,0.698929,0.021511,0.07852024624,N/A,10/21/2025 17:00:00,0,
3.650236913,4.27562586,10/19/2025 23:15:00,Luciano Darderi,240,0.30167,0.010695,0.03903928379,0,10/20/2025 11:00:00,-0.03903928379,
3.650236913,4.27562586,10/19/2025 23:15:00,Jenson Brooksby,-240,0.711463,0.018964,0.06922309282,1,10/20/2025 11:00:00,0.02884295534,
3.46345429,4.27562586,10/20/2025 9:15:00,New England Patriots,-320,0.817456,0.220139,0.762441364,1,10/26/2025 7:15:00,0.2382629263,
3.46345429,4.27562586,10/20/2025 9:15:00,Dallas Cowboys,140,0.494767,0.141226,0.4891297956,0,10/26/2025 7:15:00,-0.4891297956,
3.46345429,4.27562586,10/20/2025 9:15:00,Cincinnati Bengals,-245,0.749764,0.127515,0.4416423738,0,10/26/2025 7:15:00,-0.4416423738,
3.46345429,4.27562586,10/20/2025 9:15:00,Los Angeles Chargers,-135,0.615822,0.090939,0.3149630697,1,10/24/2025 0:15:00,0.2333059776,
3.46345429,4.27562586,10/20/2025 9:15:00,Carolina Panthers,340,0.240062,0.015439,0.05347227079,0,10/26/2025 7:15:00,-0.05347227079,
3.46345429,4.27562586,10/20/2025 9:15:00,Green Bay Packers,-145,0.594219,0.005416,0.01875806844,1,10/27/2025 11:30:00,0.01293659892,
3.46345429,4.27562586,10/20/2025 9:15:00,Indianapolis Colts,-1000,0.918575,0.096053,0.332675175,1,10/26/2025 7:15:00,0.0332675175,
1.148438221,4.265429532,10/20/2025 13:25:00,Joao Fonseca,120,0.473768,0.035178,0.04039975975,1,10/21/2025 17:00:00,0.04847971169,
1.148438221,4.265429532,10/20/2025 13:25:00,Sebastian Korda,-125,0.568528,0.029111,0.03343218506,0,10/22/2025 10:00:00,-0.03343218506,
1.148438221,4.265429532,10/20/2025 13:25:00,Reilly Opelka,-240,0.712559,0.022629,0.02598800851,1,10/21/2025 9:00:00,0.01082833688,
1.148438221,4.265429532,10/20/2025 13:25:00,Kamil Majchrzak,176,0.373733,0.01785,0.02049962225,0,10/21/2025 17:00:00,-0.02049962225,
1.148438221,4.265429532,10/20/2025 13:25:00,Jakub Mensik,-600,0.859645,0.01746,0.02005173134,1,10/20/2025 18:00:00,0.003341955224,
1.148438221,4.265429532,10/20/2025 13:25:00,Quentin Halys,450,0.188823,0.008536,0.009803068656,0,10/22/2025 10:00:00,-0.009803068656,
2.051618139,4.713949068,10/22/2025 10:35:00,Philadelphia Eagles,-325,0.77091,0.02633,0.05401910559,1,10/26/2025 7:15:00,0.01662126326,
2.051618139,4.713949068,10/22/2025 10:35:00,Miami Dolphins,320,0.252965,0.019509,0.04002501827,1,10/26/2025 7:15:00,0.1280800585,
2.051618139,4.713949068,10/22/2025 10:35:00,New Orleans Saints,190,0.350879,0.009223,0.01892207409,0,10/26/2025 7:15:00,-0.01892207409,
2.300866951,4.757184322,10/21/2025 18:20:00,Valentin Vacherot,370,0.216096,0.00423,0.009732667202,0,10/23/2025 2:00:00,-0.009732667202,
2.300866951,4.757184322,10/21/2025 18:20:00,Filip Misolic,1140,0.08076,0.000125,0.0002876083689,0,10/23/2025 2:00:00,-0.0002876083689,
2.290846675,4.713949068,10/22/2025 10:20:00,San Francisco 49ers,105,0.53506,0.0922,0.2112160635,0,10/26/2025 7:15:00,-0.2112160635,
2.290846675,4.713949068,10/22/2025 10:20:00,Washington Commanders,455,0.190291,0.012228,0.02801247315,,,0,
1.938651941,4.713949068,10/22/2025 11:55:00,Valentin Royer,145,0.41775,0.016198,0.03140228414,0,10/24/2025 0:15:00,-0.03140228414,
1.938651941,4.713949068,10/22/2025 11:55:00,Botic Van De Zandschulp,-108,0.523899,0.009707,0.01881849439,0,10/24/2025 0:15:00,-0.01881849439,
1.888431162,4.703928793,10/23/2025 6:15:00,Taylor Fritz,-220,0.694941,0.023772,0.04489178559,0,10/24/2025 0:15:00,-0.04489178559,
1.888431162,4.703928793,10/23/2025 6:15:00,Flavio Cobolli,1750,0.057022,0.003132,0.0059145664,0,10/24/2025 0:15:00,-0.0059145664,
1.888431162,4.703928793,10/23/2025 6:15:00,Matteo Arnaldi,285,0.276993,0.023296,0.04399289236,0,10/24/2025 0:15:00,-0.04399289236,
2.341900965,4.792214747,10/24/2025 0:30:00,Lorenzo Musetti,-185,0.656607,0.021326,0.04994337998,1,10/25/2025 0:15:00,0.02699642161,
2.341900965,4.792214747,10/24/2025 0:30:00,Alejandro Davidovich Fokina,184,0.356639,0.006984,0.01635583634,1,10/25/2025 0:15:00,0.03009473887,
2.341900965,4.792214747,10/24/2025 0:30:00,Tallon Griekspoor,195,0.342433,0.005281,0.012367579,N/A,10/25/2025 0:15:00,0,
2.341900965,4.792214747,10/24/2025 0:30:00,Reilly Opelka,240,0.294921,0.001137,0.002662741397,0,10/25/2025 0:15:00,-0.002662741397,
2.396329384,4.846643167,10/25/2025 1:00:00,Lorenzo Musetti,110,0.523831,0.090949,0.2179437612,0,10/25/2025 13:00:00,-0.2179437612,
2.178385623,4.628699405,10/25/2025 16:45:00,Alejandro Davidovich Fokina,110,0.496997,0.039705,0.08649280117,0,10/26/2025 7:15:00,-0.08649280117,
2.178385623,4.628699405,10/25/2025 16:45:00,Alexander Zverev,690,0.133539,0.007952,0.01732252248,0,10/26/2025 7:15:00,-0.01732252248,
3.679962728,3.726733269,10/26/2025 20:30:00,Daniel Altmaier,150,0.401124,0.001873,0.006892570189,1,10/27/2025 11:30:00,0.01033885528,
3.679962728,3.726733269,10/26/2025 20:30:00,Giovanni Mpetshi Perricard,-146,0.597931,0.010903,0.04012263362,0,10/27/2025 17:00:00,-0.04012263362,
3.679962728,3.726733269,10/26/2025 20:30:00,Tomas Machac,120,0.466798,0.022461,0.08265564283,0,10/27/2025 11:30:00,-0.08265564283,
3.599217974,3.667353081,10/27/2025 12:05:00,New England Patriots,-225,0.709474,0.0556,0.2001165194,,,0,
3.599217974,3.667353081,10/27/2025 12:05:00,Jacksonville Jaguars,-170,0.649741,0.054136,0.1948472642,,,0,
3.599217974,3.667353081,10/27/2025 12:05:00,Los Angeles Rams,-950,0.908041,0.034262,0.1233164062,,,0,
3.599217974,3.667353081,10/27/2025 12:05:00,Denver Broncos,-115,0.548397,0.028936,0.1041469713,,,0,
3.599217974,3.667353081,10/27/2025 12:05:00,Arizona Cardinals,135,0.437982,0.021583,0.07768192153,,,0,
3.599217974,3.667353081,10/27/2025 12:05:00,Detroit Lions,-450,0.820849,0.014601,0.05255218164,,,0,
2.84655671,3.627230447,10/27/2025 18:00:00,Joao Fonseca,-146,0.618707,0.061976,0.1764181986,1,10/28/2025 11:00:00,0.1208343826,
2.84655671,3.627230447,10/27/2025 18:00:00,Tomas Martin Etcheverry,-500,0.842781,0.056523,0.1608959249,0,10/28/2025 11:00:00,-0.1608959249,
2.84655671,3.627230447,10/27/2025 18:00:00,Learner Tien,112,0.473126,0.002693,0.007665777219,0,10/28/2025 17:00:00,-0.007665777219,
2.79882939,3.587168905,10/28/2025 11:20:00,Washington Commanders,164,0.45743,0.128593,0.3599098678,,,0,
2.79882939,3.587168905,10/28/2025 11:20:00,Chicago Bears,-142,0.590645,0.009124,0.02553651936,,,0,
2.413383003,3.579503128,10/28/2025 20:40:00,Daniil Medvedev,-275,0.757976,0.091918,0.2218333389,N/A,10/29/2025 20:00:00,0,
2.413383003,3.579503128,10/28/2025 20:40:00,Francisco Cerundolo,-200,0.672775,0.018172,0.04385599593,1,10/29/2025 20:00:00,0.02192799797,
2.413383003,3.579503128,10/28/2025 20:40:00,Joao Fonseca,137,0.4325,0.018122,0.04373532678,0,10/29/2025 20:00:00,-0.04373532678,
2.413383003,3.579503128,10/28/2025 20:40:00,Zizou Bergs,2500,0.052859,0.014927,0.03602456809,0,10/29/2025 20:00:00,-0.03602456809,
2.413383003,3.579503128,10/28/2025 20:40:00,Daniel Altmaier,240,0.300569,0.009065,0.02187731692,1,10/29/2025 20:00:00,0.05250556062,
2.413383003,3.579503128,10/28/2025 20:40:00,Valentin Vacherot,-146,0.596658,0.007714,0.01861683649,1,10/29/2025 20:00:00,0.01275125787,
2.413383003,3.579503128,10/28/2025 20:40:00,Alexandre Muller,333,0.233661,0.003499,0.008444427128,0,10/29/2025 20:00:00,-0.008444427128,
2.413383003,3.579503128,10/28/2025 20:40:00,Corentin Moutet,142,0.414701,0.002498,0.006028630742,0,10/29/2025 20:00:00,-0.006028630742,
2.413383003,3.579503128,10/28/2025 20:40:00,Camilo Ugo Carabelli,1640,0.059235,0.001856,0.004479238854,0,10/29/2025 20:00:00,-0.004479238854,
2.401855628,3.567975753,10/29/2025 20:45:00,Daniil Medvedev,-334,0.774076,0.01943,0.04666805485,,,,
2.401855628,3.567975753,10/29/2025 20:45:00,Francisco Cerundolo,1620,0.072311,0.015045,0.03613591792,,,,