Effective Bankroll,Bankroll (w/ Current Stake),Date Placed,Player/Team,Line,Probability,Factor,Stake,Win,Date Settled,Realized Profit,Bet Slip,Factor,,,,,,,,
1,1,2025-06-02 20:00,Alexander Bublik,2000,0.049074,0.003056,0.003056,0,2025-06-04 13:00,-0.003056,https://imgur.com/a/first-two-slips-n1IUAII,0.001528,,2,0.04761904762,0.049074,-0.001454952381,,-0.01581177188,0.03279269805
0.996944,1,2025-06-03 17:30,Carlos Alcaraz,-550,0.856608,0.13591,0.135494659,1,2025-06-06 11:30,0.02463539255,https://imgur.com/a/first-two-slips-n1IUAII,0.067955,,,0.8461538462,0.856608,-0.01045415385,,,
1.021579393,1.021579393,2025-06-06 17:15,Carlos Alcaraz,-115,0.54084,0.025614,0.02616673456,1,2025-06-08 15:30,0.02275368223,https://imgur.com/a/0ApS0Q0,0.012807,,,0.5348837209,0.54084,-0.00595627907,,,
0.995412658,1.021579393,2025-06-08 10:45,Jacob Fearnley,-104,0.547309,0.148692,0.1480098989,0,2025-06-09 11:00,-0.1480098989,https://imgur.com/a/wO3EAVW,0.074346,,,0.5098039216,0.547309,-0.03750507843,,,
0.995412658,1.021579393,2025-06-08 10:45,Matteo Arnaldi,-154,0.646144,0.196766,0.1958633671,0,2025-06-09 11:00,-0.1958633671,https://imgur.com/a/wO3EAVW,0.098383,,,0.6062992126,0.646144,-0.0398447874,,,
0.995412658,1.021579393,2025-06-08 10:45,Alex Michelsen,-105,0.570825,0.23564,0.2345590387,1,2025-06-10 14:15,0.2233895607,https://imgur.com/a/hjm9Ve9,0.11782,,,0.512195122,0.570825,-0.05862987805,,,
0.995412658,1.021579393,2025-06-08 10:45,Denis Shapovalov,-250,0.720046,0.03892,0.03874146065,0,2025-06-10 11:00,-0.03874146065,https://imgur.com/a/hjm9Ve9,0.01946,,,0.7142857143,0.720046,-0.005760285714,,,
0.995412658,1.021579393,2025-06-08 10:45,Alejandro Tabilo,-102,0.506949,0.007796,0.007760237082,N/A,2025-06-09 11:00,0,https://imgur.com/a/wO3EAVW,0.003898,,,0.504950495,0.506949,-0.00199850495,,,
0.995412658,1.021579393,2025-06-08 10:45,Luciano Darderi,114,0.474531,0.02626,0.0261395364,0,2025-06-09 11:00,-0.0261395364,https://imgur.com/a/wO3EAVW,0.01313,,,0.4672897196,0.474531,-0.007241280374,,,
0.995412658,1.021579393,2025-06-08 10:45,Mattia Bellucci,110,0.502193,0.09618,0.09573878945,N/A,2025-06-09 11:00,0,https://imgur.com/a/wO3EAVW,0.04809,,,0.4761904762,0.502193,-0.02600252381,,,
0.995412658,1.021579393,2025-06-08 10:45,Nuno Borges,-225,0.701579,0.05818,0.05791310844,1,2025-06-09 11:00,0.02573915931,https://imgur.com/a/wO3EAVW,0.02909,,,0.6923076923,0.701579,-0.009271307692,,,
0.1906872212,1.021579393,2025-06-08 11:00,Gabriel Diallo,-178,0.687528,0.262656,0.05008514278,1,2025-06-09 11:00,0.02813772066,https://imgur.com/a/wO3EAVW,0.131328,,,0.6402877698,0.687528,-0.04724023022,,,
0.454896653,0.7281971523,2025-06-09 12:30,Justin Engel,280,0.291502,0.07694,0.03499974848,1,2025-06-10 9:30,0.09799929574,https://imgur.com/a/hjm9Ve9,0.03847,,,0.2631578947,0.291502,-0.02834410526,,,
0.4198969045,0.7281971523,2025-06-09 16:45,Laslo Djere,105,0.507494,0.076876,0.03227999443,0,2025-06-11 12:00,-0.03227999443,https://imgur.com/a/qcwqytz,0.038438,,,0.487804878,0.507494,-0.01968912195,,,
0.4198969045,0.7281971523,2025-06-09 16:45,Alexander Blockx,158,0.391452,0.01257,0.005278104089,0,2025-06-10 10:30,-0.005278104089,https://imgur.com/a/hjm9Ve9,0.006285,,,0.3875968992,0.391452,-0.003855100775,,,
0.5153378502,0.7821768834,2025-06-10 13:15,Jiri Lehecka,-200,0.67485,0.047676,0.02456924735,1,2025-06-11 12:30,0.01228462367,https://imgur.com/a/qcwqytz,0.023838,,,0.6666666667,0.67485,-0.008183333333,,,
0.5153378502,0.7821768834,2025-06-10 13:15,Marton Fucsovics,-150,0.61329,0.06735,0.03470800421,1,2025-06-11 7:00,0.02313866947,https://imgur.com/a/qcwqytz,0.033675,,,0.6,0.61329,-0.01329,,,
0.5153378502,0.7821768834,2025-06-10 13:15,Gabriel Diallo,160,0.407177,0.07448,0.03838236308,1,2025-06-11 7:20,0.06141178093,https://imgur.com/a/qcwqytz,0.03724,,,0.3846153846,0.407177,-0.02256161538,,,
1.033267653,1.090116894,2025-06-11 9:00,Otto Virtanen,140,0.451304,0.116468,0.120342617,N/A,2025-06-12 7:00,0,https://imgur.com/a/bFOW8Vq,0.058234,,,0.4166666667,0.451304,-0.03463733333,,,
1.033267653,1.090116894,2025-06-11 9:00,Justin Engel,500,0.214059,0.112698,0.1164471979,1,2025-06-12 7:30,0.5822359896,https://imgur.com/a/bFOW8Vq,0.056349,,,0.1666666667,0.214059,-0.04739233333,,,
1.033267653,1.090116894,2025-06-11 9:00,Learner Tien,230,0.33549,0.091396,0.09443653038,0,2025-06-12 12:55,-0.09443653038,https://imgur.com/a/bFOW8Vq,0.045698,,,0.303030303,0.33549,-0.03245969697,,,
1.033267653,1.090116894,2025-06-11 9:00,Corentin Moutet,900,0.113233,0.028798,0.02975604186,0,2025-06-12 11:00,-0.02975604186,https://imgur.com/a/bFOW8Vq,0.014399,,,0.1,0.113233,-0.013233,,,
0.7091391366,1.070121524,2025-06-11 14:30,Hubert Hurkacz,-160,0.658409,0.223726,0.1586528625,N/A,2025-06-12 7:30,0,https://imgur.com/a/bFOW8Vq,0.111863,,,0.6153846154,0.658409,-0.04302438462,,,
0.5504862741,1.070121524,2025-06-11 21:20,Gabriel Diallo,184,0.373656,0.066292,0.03649283608,1,2025-06-13 9:15,0.06714681839,https://imgur.com/a/6EnhvHh,0.033146,,,0.3521126761,0.373656,-0.02154332394,,,
1.491672105,1.528164941,2025-06-12 13:25,Mark Lajal,112,0.481523,0.037194,0.05548125227,0,2025-06-13 14:00,-0.05548125227,https://imgur.com/a/6EnhvHh,0.018597,,,0.4716981132,0.481523,-0.009824886792,,,
1.436190853,1.528164941,2025-06-12 17:35,Brandon Nakashima,300,0.258452,0.02253,0.03235737991,0,2025-06-13 11:00,-0.03235737991,https://imgur.com/a/6EnhvHh,0.011265,,,0.25,0.258452,-0.008452,,,
1.436190853,1.528164941,2025-06-12 17:35,Daniil Medvedev,-350,0.785989,0.073874,0.1060971631,0,2025-06-13 11:10,-0.1060971631,https://imgur.com/a/6EnhvHh,0.036937,,,0.7777777778,0.785989,-0.008211222222,,,
1.401375964,1.401375964,2025-06-13 17:20,Reily Opelka,-140,0.586128,0.013412,0.01879525443,0,2025-06-14 1:10,-0.01879525443,https://imgur.com/a/NAe6DxV,0.006706,,,0.5833333333,0.586128,-0.002794666667,,,
1.38258071,1.38258071,2025-06-15 12:50,Luciano Darderi,320,0.272641,0.089942,0.1243520742,0,2025-06-16 14:00,-0.1243520742,https://imgur.com/a/DSrcAQG,0.044971,,,0.2380952381,0.272641,-0.0345457619,,,
1.38258071,1.38258071,2025-06-15 12:50,Alex Michelsen,-116,0.545991,0.038102,0.0526790902,1,2025-06-17 16:00,0.0454130088,https://imgur.com/a/jDS3oRC,0.019051,,,0.537037037,0.545991,-0.008953962963,,,
1.38258071,1.38258071,2025-06-15 12:50,Alexander Bublik,-275,0.759967,0.197352,0.2728550682,1,2025-06-16 14:00,0.09922002481,https://imgur.com/a/DSrcAQG,0.098676,,,0.7333333333,0.759967,-0.02663366667,,,
1.38258071,1.38258071,2025-06-15 12:50,Daniil Medvedev,-500,0.857749,0.289604,0.4004009039,1,2025-06-16 14:00,0.08008018077,https://imgur.com/a/DSrcAQG,0.144802,,,0.8333333333,0.857749,-0.02441566667,,,
0.5322935733,1.38258071,2025-06-15 13:05,Dan Evans,285,0.273254,0.036282,0.01931267543,1,2025-06-16 14:00,0.05504112496,https://imgur.com/a/DSrcAQG,0.018141,,,0.2597402597,0.273254,-0.01351374026,,,
0.5322935733,1.38258071,2025-06-15 13:05,Jakub Mensik,-150,0.625034,0.124568,0.06630674583,1,2025-06-16 14:00,0.04420449722,https://imgur.com/a/DSrcAQG,0.062284,,,0.6,0.625034,-0.025034,,,
0.5322935733,1.38258071,2025-06-15 13:05,Holger Rune,-450,0.826859,0.094766,0.05044333276,N/A,2025-06-16 14:00,0,https://imgur.com/a/DSrcAQG,0.047383,,,0.8181818182,0.826859,-0.008677181818,,,
0.5322935733,1.38258071,2025-06-15 13:05,Camilo Ugo Carabelli,510,0.173155,0.021914,0.01166468136,0,2025-06-17 16:00,-0.01166468136,https://imgur.com/a/jDS3oRC,0.010957,,,0.1639344262,0.173155,-0.00922057377,,,
0.5322935733,1.38258071,2025-06-15 13:05,Lorenzo Sonego,-104,0.535564,0.104604,0.05568003694,1,2025-06-17 16:00,0.05353849706,https://imgur.com/a/jDS3oRC,0.052302,,,0.5098039216,0.535564,-0.02576007843,,,
1.416750655,1.536774463,2025-06-16 16:45,Andrey Rublev,-190,0.676805,0.125076,0.1772015049,1,2025-06-17 16:00,0.09326394995,https://imgur.com/a/jDS3oRC,0.062538,,,0.6551724138,0.676805,-0.02163258621,,,
1.416750655,1.536774463,2025-06-16 16:45,Alexei Popyrin,-174,0.656133,0.115232,0.1632550115,1,2025-06-17 16:00,0.09382471923,https://imgur.com/a/jDS3oRC,0.057616,,,0.6350364964,0.656133,-0.02109650365,,,
1.416750655,1.536774463,2025-06-16 16:45,Jesper De Jong,175,0.379205,0.048732,0.06904109291,0,2025-06-17 16:00,-0.06904109291,https://imgur.com/a/jDS3oRC,0.024366,,,0.3636363636,0.379205,-0.01556863636,,,
1.416750655,1.536774463,2025-06-16 16:45,Gabriel Diallo,-250,0.716491,0.015354,0.02175278955,1,2025-06-17 16:00,0.008701115822,https://imgur.com/a/jDS3oRC,0.007677,,,0.7142857143,0.716491,-0.002205285714,,,
1.416750655,1.536774463,2025-06-16 16:45,Taylor Fritz,-600,0.858195,0.014656,0.0207638976,0,2025-06-17 16:00,-0.0207638976,https://imgur.com/a/jDS3oRC,0.007328,,,0.8571428571,0.858195,-0.001052142857,,,
1.730046082,1.730046082,2025-06-17 22:30,Jakub Mensik,-220,0.715305,0.177792,0.3075883531,0,2025-06-18 9:30,-0.3075883531,https://imgur.com/a/K7A8le3,0.088896,,,0.6875,0.715305,-0.027805,,,
1.730046082,1.730046082,2025-06-17 22:30,Alexander Zverev,-600,0.861509,0.060842,0.1052594637,1,2025-06-18 9:30,0.01754324396,https://imgur.com/a/K7A8le3,0.030421,,,0.8571428571,0.861509,-0.004366142857,,,
1.730046082,1.730046082,2025-06-17 22:30,Karen Khachanov,-194,0.665121,0.030772,0.05323697805,1,2025-06-18 9:30,0.02744174126,https://imgur.com/a/K7A8le3,0.015386,,,0.6598639456,0.665121,-0.005257054422,,,
1.730046082,1.730046082,2025-06-17 22:30,Daniel Evans,200,0.34325,0.029626,0.05125434524,0,2025-06-18 14:20,-0.05125434524,https://imgur.com/a/K7A8le3,0.014813,,,0.3333333333,0.34325,-0.009916666667,,,
1.730046082,1.730046082,2025-06-17 22:30,Alexander Bublik,690,0.130665,0.009308,0.01610326893,1,2025-06-19 15:00,0.1111125556,https://imgur.com/a/uSmQudd,0.004654,,,0.1265822785,0.130665,-0.004082721519,,,
1.4000851,1.467442714,2025-06-18 10:15,Alex Michelsen,-140,0.597459,0.06761,0.09465975363,1,2025-06-18 14:20,0.06761410974,https://imgur.com/a/K7A8le3,0.033805,,,0.5833333333,0.597459,-0.01412566667,,,
1.4000851,1.467442714,2025-06-18 10:15,Jiri Lehecka,-175,0.661243,0.13671,0.1914056341,1,2025-06-19 15:00,0.109374648,https://imgur.com/a/uSmQudd,0.068355,,,0.6363636364,0.661243,-0.02487936364,,,
1.4000851,1.467442714,2025-06-18 10:15,Corentin Moutet,148,0.40725,0.013438,0.01881434358,0,2025-06-19 15:00,-0.01881434358,https://imgur.com/a/uSmQudd,0.006719,,,0.4032258065,0.40725,-0.004024193548,,,
1.257479232,1.483802479,2025-06-18 14:40,Karen Khachanov,112,0.479468,0.029414,0.03698749414,1,2025-06-19 15:00,0.04142599344,https://imgur.com/a/uSmQudd,0.014707,,,0.4716981132,0.479468,-0.007769886792,,,
1.726901333,1.726901333,2025-06-19 18:00,Alex Michelsen,200,0.380692,0.141602,0.2445326825,0,2025-06-20 13:00,-0.2445326825,https://imgur.com/a/8i6yETC,0.070801,,,0.3333333333,0.380692,-0.04735866667,,,
1.726901333,1.726901333,2025-06-19 18:00,Tomas Martin Etcheverry,220,0.330132,0.050712,0.08757462038,0,2025-06-20 13:00,-0.08757462038,https://imgur.com/a/8i6yETC,0.025356,,,0.3125,0.330132,-0.017632,,,
1.726901333,1.726901333,2025-06-19 18:00,Jacob Fearnley,184,0.365076,0.03953,0.06826440967,0,2025-06-20 13:00,-0.06826440967,https://imgur.com/a/8i6yETC,0.019765,,,0.3521126761,0.365076,-0.01296332394,,,
1.726901333,1.726901333,2025-06-19 18:00,Brandon Nakashima,350,0.234647,0.031574,0.05452518267,0,2025-06-20 13:00,-0.05452518267,https://imgur.com/a/8i6yETC,0.015787,,,0.2222222222,0.234647,-0.01242477778,,,
1.726901333,1.726901333,2025-06-19 18:00,Arthur Rinderknech,1200,0.08293,0.01286,0.02220795114,0,2025-06-20 13:00,-0.02220795114,https://imgur.com/a/8i6yETC,0.00643,,,0.07692307692,0.08293,-0.006006923077,,,
1.726901333,1.726901333,2025-06-19 18:00,Flavio Cobolli 	,580,0.148386,0.003072,0.005305040894,0,2025-06-20 13:00,-0.005305040894,https://imgur.com/a/8i6yETC,0.001536,,,0.1470588235,0.148386,-0.001327176471,,,
1.244491445,1.244491445,2025-06-20 14:45,Jiri Lehecka,195,0.429866,0.27498,0.3422102576,1,2025-06-21 11:00,0.6673100024,https://imgur.com/a/icIDuxu,0.13749,,,0.3389830508,0.429866,-0.09088294915,,,
1.911801448,1.911801448,2025-06-21 18:15,Yunchaokete Bu,175,0.379959,0.0513,0.09807541426,0,2025-06-22 13:00,-0.09807541426,https://imgur.com/a/w5BOxO7,0.02565,,,0.3636363636,0.379959,-0.01632263636,,,
1.813726033,1.911801448,2025-06-22 10:45,Nuno Borges,-175,0.689909,0.22,0.3990197273,1,2025-06-24 11:45,0.2280112728,https://imgur.com/a/w5BOxO7,0.11,,,0.6363636364,0.689909,-0.05354536364,,,
1.813726033,1.911801448,2025-06-22 10:45,Tomas Martin Etcheverry,126,0.45755,0.050712,0.09197767461,0,2025-06-24 11:45,-0.09197767461,https://imgur.com/a/w5BOxO7,0.025356,,,0.4424778761,0.45755,-0.01507212389,,,
1.813726033,1.911801448,2025-06-22 10:45,Fabian Marozsan,120,0.463582,0.031574,0.05726658578,0,2025-06-23 13:00,-0.05726658578,https://imgur.com/a/w5BOxO7,0.015787,,,0.4545454545,0.463582,-0.009036545455,,,
1.265462046,1.813726033,2025-06-23 10:55,Rinky Hijikata,-210,0.700787,0.14488,0.1833401412,0,2025-06-24 10:00,-0.1833401412,https://imgur.com/a/w5BOxO7,0.07244,,,0.6774193548,0.700787,-0.02336764516,,,
1.082121904,1.756459448,2025-06-23 17:40,Ethan Quinn,200,0.350512,0.051536,0.05576823447,0,2025-06-24 11:45,-0.05576823447,https://imgur.com/a/w5BOxO7,0.025768,,,0.3333333333,0.350512,-0.01717866667,,,
1.65338467,1.65338467,2025-06-24 12:45,Daniel Evans,235,0.315788,0.049266,0.08145564916,1,2025-06-25 14:00,0.1914207755,https://imgur.com/a/jb1O4gb,0.024633,,,0.2985074627,0.315788,-0.01728053731,,,
1.65338467,1.65338467,2025-06-24 12:45,Reily Opelka,140,0.419054,0.008172,0.01351145952,0,2025-06-25 14:00,-0.01351145952,https://imgur.com/a/jb1O4gb,0.004086,,,0.4166666667,0.419054,-0.002387333333,,,
1.65338467,1.65338467,2025-06-24 12:45,Learner Tien,300,0.25256,0.006818,0.01127277668,1,2025-06-25 14:00,0.03381833004,https://imgur.com/a/jb1O4gb,0.003409,,,0.25,0.25256,-0.00256,,,
1.547144785,1.65338467,2025-06-24 21:45,Jenson Brooksby,116,0.494572,0.117716,0.1821236955,1,2025-06-25 8:30,0.2112634868,https://imgur.com/a/jb1O4gb,0.058858,,,0.462962963,0.494572,-0.03160903704,,,
1.758408272,1.864648157,2025-06-25 9:00,Hamad Medjedovic,185,0.352279,0.00432,0.007596323733,0,2025-06-26 14:00,-0.007596323733,https://imgur.com/a/vR0jVzX,0.00216,,,0.350877193,0.352279,-0.001401807018,,,
2.068779479,2.076375803,2025-06-25 16:30,Jenson Brooksby,-110,0.552225,0.119198,0.2465943764,1,2025-06-26 14:00,0.2241767058,https://imgur.com/a/vR0jVzX,0.059599,,,0.5238095238,0.552225,-0.02841547619,,,
2.068779479,2.076375803,2025-06-25 16:30,Alex Michelsen,-110,0.541146,0.072576,0.1501437395,1,2025-06-26 14:00,0.1364943086,https://imgur.com/a/vR0jVzX,0.036288,,,0.5238095238,0.541146,-0.01733647619,,,
2.429450494,2.429450494,2025-06-29 23:15,Quentin Halys,-700,0.883523,0.13606,0.3305510342,0,2025-07-01 15:00,-0.3305510342,https://imgur.com/a/PpWSFHv,0.06803,,,0.875,0.883523,-0.008523,,,
2.429450494,2.429450494,2025-06-29 23:15,Jesper De Jong,-120,0.55915,0.060138,0.1461022938,1,2025-07-01 15:00,0.1217519115,https://imgur.com/a/PpWSFHv,0.030069,,,0.5454545455,0.55915,-0.01369545455,,,
2.429450494,2.429450494,2025-06-29 23:15,Arthur Cazaux,-215,0.689214,0.041934,0.101876577,1,2025-07-01 15:00,0.04738445442,https://imgur.com/a/PpWSFHv,0.020967,,,0.6825396825,0.689214,-0.00667431746,,,
2.429450494,2.429450494,2025-06-29 23:15,Daniel Evans,-475,0.828523,0.027938,0.06787398789,1,2025-07-01 15:00,0.01428926061,https://imgur.com/a/PpWSFHv,0.013969,,,0.8260869565,0.828523,-0.002436043478,,,
2.429450494,2.429450494,2025-06-29 23:15,Raphael Collignon,650,0.143288,0.022928,0.05570244092,0,2025-07-01 15:00,-0.05570244092,https://imgur.com/a/PpWSFHv,0.011464,,,0.1333333333,0.143288,-0.009954666667,,,
2.429450494,2.429450494,2025-06-29 23:15,Yoshihito Nishioka,460,0.183218,0.011282,0.02740906047,0,2025-07-01 15:00,-0.02740906047,https://imgur.com/a/PpWSFHv,0.005641,,,0.1785714286,0.183218,-0.004646571429,,,
2.429450494,2.429450494,2025-06-29 23:15,Camilo Ugo Carabelli,1200,0.078908,0.004288,0.01041748372,0,2025-07-01 15:00,-0.01041748372,https://imgur.com/a/PpWSFHv,0.002144,,,0.07692307692,0.078908,-0.001984923077,,,
1.689517616,2.429450494,2025-06-29 23:45,Mattia Bellucci,-275,0.782696,0.22,0.3716938754,1,2025-06-30 15:00,0.1351614093,https://imgur.com/a/vR0jVzX,0.11,,,0.7333333333,0.782696,-0.04936266667,,,
1.689517616,2.429450494,2025-06-29 23:45,Leandro Riedi,-120,0.616688,0.22,0.3716938754,0,2025-06-30 15:00,-0.3716938754,https://imgur.com/a/vR0jVzX,0.11,,,0.5454545455,0.616688,-0.07123345455,,,
1.689517616,2.429450494,2025-06-29 23:45,Chris Rodesch,-200,0.701247,0.199282,0.3366904495,N/A,2025-06-30 15:00,0,https://imgur.com/a/vR0jVzX,0.099641,,,0.6666666667,0.701247,-0.03458033333,,,
1.689517616,2.429450494,2025-06-29 23:45,Adrian Mannarino,-225,0.705725,0.083372,0.1408584627,1,2025-06-30 15:00,0.06260376118,https://imgur.com/a/vR0jVzX,0.041686,,,0.6923076923,0.705725,-0.01341730769,,,
1.689517616,2.429450494,2025-06-29 23:45,Luciano Darderi,205,0.33904,0.031836,0.05378748281,1,2025-06-30 15:00,0.1102643398,https://imgur.com/a/vR0jVzX,0.015918,,,0.3278688525,0.33904,-0.01117114754,,,
1.689517616,2.429450494,2025-06-29 23:45,Ethan Quinn,-215,0.684853,0.01393,0.02353498039,1,2025-06-30 15:00,0.01094650251,https://imgur.com/a/vR0jVzX,0.006965,,,0.6825396825,0.684853,-0.00231331746,,,
1.689517616,2.429450494,2025-06-29 23:45,Billy Harris,-220,0.688515,0.006212,0.01049528343,1,2025-06-30 15:00,0.004770583377,https://imgur.com/a/vR0jVzX,0.003106,,,0.6875,0.688515,-0.001015,,,
1.641570336,2.381503214,2025-06-30 21:35,Benjamin Bonzi,-146,0.595045,0.00762,0.01250876596,0,2025-07-02 15:00,-0.01250876596,https://imgur.com/a/V9vzCTG,0.00381,,,0.593495935,0.595045,-0.001549065041,,,
1.641570336,2.381503214,2025-06-30 21:35,Nicolas Jarry,-140,0.58401,0.003246,0.005328537312,1,2025-07-02 15:00,0.00380609808,https://imgur.com/a/V9vzCTG,0.001623,,,0.5833333333,0.58401,-0.0006766666667,,,
2.123011518,2.140848821,2025-07-01 20:00,Joao Fonseca,-225,0.705693,0.086734,0.184137281,1,2025-07-02 15:00,0.08183879156,https://imgur.com/a/V9vzCTG,0.043367,,,0.6923076923,0.705693,-0.01338530769,,,
2.123011518,2.140848821,2025-07-01 20:00,Lorenzo Sonego,-220,0.6976,0.064414,0.1367516639,1,2025-07-03 15:00,0.06215984724,https://imgur.com/a/V9vzCTG,0.032207,,,0.6875,0.6976,-0.0101,,,
2.123011518,2.140848821,2025-07-01 20:00,Ethan Quinn,-140,0.595033,0.055968,0.1188207087,0,2025-07-02 15:00,-0.1188207087,https://imgur.com/a/V9vzCTG,0.027984,,,0.5833333333,0.595033,-0.01169966667,,,
2.123011518,2.140848821,2025-07-01 20:00,Pedro Martinez,188,0.364707,0.053432,0.1134367514,1,2025-07-03 15:00,0.2132610927,https://imgur.com/a/V9vzCTG,0.026716,,,0.3472222222,0.364707,-0.01748477778,,,
2.123011518,2.140848821,2025-07-01 20:00,Fabian Marozsan,-110,0.535529,0.049054,0.104142207,0,2025-07-03 15:00,-0.104142207,https://imgur.com/a/V9vzCTG,0.024527,,,0.5238095238,0.535529,-0.01171947619,,,
2.123011518,2.140848821,2025-07-01 20:00,Alejandro Davidovich Fokina,-325,0.769939,0.04431,0.09407064037,1,2025-07-03 15:00,0.02894481242,https://imgur.com/a/V9vzCTG,0.022155,,,0.7647058824,0.769939,-0.005233117647,,,
1.646762974,2.095164237,2025-07-02 23:45,Marton Fucsovics,-125,0.583759,0.126734,0.2087008587,1,2025-07-04 15:00,0.166960687,https://imgur.com/a/V9vzCTG,0.063367,,,0.5555555556,0.583759,-0.02820344444,,,
1.646762974,2.095164237,2025-07-02 23:45,Jakub Mensik,-165,0.640395,0.093776,0.1544268446,1,2025-07-03 15:00,0.09359202705,https://imgur.com/a/V9vzCTG,0.046888,,,0.6226415094,0.640395,-0.01775349057,,,
1.646762974,2.095164237,2025-07-02 23:45,Daniel Evans,1280,0.074228,0.003786,0.006234644619,0,2025-07-03 15:00,-0.006234644619,https://imgur.com/a/V9vzCTG,0.001893,,,0.07246376812,0.074228,-0.001764231884,,,
2.174044306,2.382745164,2025-07-04 0:45,Miomir Kecmanovic,1600,0.074081,0.032408,0.07045642786,0,2025-07-05 15:00,-0.07045642786,https://imgur.com/a/V9vzCTG,0.016204,,,0.05882352941,0.074081,-0.01525747059,,,
2.174044306,2.382745164,2025-07-04 0:45,Nuno Borges,202,0.339651,0.0254,0.05522072536,0,2025-07-04 15:00,-0.05522072536,https://imgur.com/a/V9vzCTG,0.0127,,,0.3311258278,0.339651,-0.008525172185,,,
2.174044306,2.382745164,2025-07-04 0:45,Luciano Darderi,134,0.433426,0.021138,0.04595494853,0,2025-07-04 15:00,-0.04595494853,https://imgur.com/a/V9vzCTG,0.010569,,,0.4273504274,0.433426,-0.00607557265,,,
2.174044306,2.382745164,2025-07-04 0:45,Mattia Bellucci,152,0.400823,0.013204,0.02870608101,0,2025-07-04 15:00,-0.02870608101,https://imgur.com/a/V9vzCTG,0.006602,,,0.3968253968,0.400823,-0.003997603175,,,
2.349367669,2.419824096,2025-07-04 15:15,Sebastian Ofner,260,0.283722,0.016642,0.03909817674,0,2025-07-05 15:00,-0.03909817674,https://imgur.com/a/V9vzCTG,0.008321,,,0.2777777778,0.283722,-0.005944222222,,,
2.310269492,2.310269492,2025-07-05 22:45,Flavio Cobolli 	,-105,0.590451,0.22,0.5082592882,1,2025-07-07 10:00,0.4840564649,https://imgur.com/a/V9vzCTG,0.11,,,0.512195122,0.590451,-0.07825587805,,,
2.310269492,2.310269492,2025-07-05 22:45,Alex De Minaur,390,0.234475,0.074616,0.1723830684,0,2025-07-07 12:15,-0.1723830684,https://imgur.com/a/V9vzCTG,0.037308,,,0.2040816327,0.234475,-0.03039336735,,,
2.310269492,2.310269492,2025-07-05 22:45,Cameron Norrie,-114,0.547817,0.06271,0.1448769998,1,2025-07-06 15:00,0.1270850876,https://imgur.com/a/V9vzCTG,0.031355,,,0.5327102804,0.547817,-0.01510671963,,,
2.749027976,2.749027976,2025-07-07 23:15,Flavio Cobolli,800,0.161566,0.113524,0.3120806519,0,2025-07-09 15:00,-0.3120806519,,0.056762,,,0.1111111111,0.161566,-0.05045488889,,,
2.436947324,2.749027976,2025-07-08 19:45,Carlos Alcaraz,-500,0.841671,0.100048,0.2438117059,1,2025-07-11 15:00,0.04876234117,,0.050024,,,0.8333333333,0.841671,-0.008337666667,,,
2.485709665,2.485709665,2025-07-13 21:15,Alexander Shevchenko,125,0.52659,0.22,0.5468561263,1,2025-07-15 15:00,0.6835701579,,0.11,,,0.4444444444,0.52659,-0.08214555556,,,
2.485709665,2.485709665,2025-07-13 21:15,James Mccabe,-270,0.772929,0.22,0.5468561263,0,2025-07-16 15:00,-0.5468561263,,0.11,,,0.7297297297,0.772929,-0.04319927027,,,
2.485709665,2.485709665,2025-07-13 21:15,Juan Manuel Cerundolo,125,0.484376,0.138116,0.3433162761,1,2025-07-15 15:00,0.4291453451,,0.069058,,,0.4444444444,0.484376,-0.03993155556,,,
2.485709665,2.485709665,2025-07-13 21:15,Taro Daniel,-225,0.71385,0.133546,0.3319565829,0,2025-07-15 15:00,-0.3319565829,,0.066773,,,0.6923076923,0.71385,-0.02154230769,,,
2.485709665,2.485709665,2025-07-13 21:15,Martin Landaluce,-105,0.5195,0.028546,0.0709570681,0,2025-07-15 15:00,-0.0709570681,,0.014273,,,0.512195122,0.5195,-0.007304878049,,,
2.485709665,2.485709665,2025-07-13 21:15,Terence Atmane,270,0.273334,0.008004,0.01989562016,0,2025-07-14 13:00,-0.01989562016,,0.004002,,,0.2702702703,0.273334,-0.00306372973,,,
0.6258718652,2.485709665,2025-07-14 9:15,Alibek Kachmazov,-189,0.653548,0.025156,0.01574443264,0,2025-07-15 15:00,-0.01574443264,,0.012578,,,0.6539792388,0.653548,0.0004312387543,,,
0.6258718652,2.485709665,2025-07-14 9:15,Yibing Wu,-175,0.657912,0.118442,0.07412951545,0,2025-07-16 15:00,-0.07412951545,,0.059221,,,0.6363636364,0.657912,-0.02154836364,,,
0.6258718652,2.485709665,2025-07-14 9:15,James Duckworth,-104,0.521325,0.046906,0.02935714571,1,2025-07-16 15:00,0.02822802472,,0.023453,,,0.5098039216,0.521325,-0.01152107843,,,
0.5066407714,2.465814045,2025-07-14 22:00,Nicolai Budkov Kjaer,166,0.439705,0.203804,0.1032554158,1,2025-07-15 15:00,0.1714039902,,0.101902,,,0.3759398496,0.439705,-0.06376515038,,,
0.5066407714,2.465814045,2025-07-14 22:00,Filip Misolic,-120,0.551391,0.059134,0.02995969537,1,2025-07-16 15:00,0.02496641281,,0.029567,,,0.5454545455,0.551391,-0.005936454545,,,
0.5066407714,2.465814045,2025-07-14 22:00,Calvin Hemery,175,0.379113,0.04861,0.0246278079,0,2025-07-15 15:00,-0.0246278079,,0.024305,,,0.3636363636,0.379113,-0.01547663636,,,
0.5066407714,2.465814045,2025-07-14 22:00,Francesco Passaro,-165,0.633812,0.02608,0.01321319132,1,2025-07-15 15:00,0.008007994738,,0.01304,,,0.6226415094,0.633812,-0.01117049057,,,
2.634353158,3.314655641,2025-07-15 17:40,Roman Andres Burruchaga,-500,0.855098,0.22,0.5795576949,1,2025-07-16 15:00,0.115911539,,0.11,,,0.8333333333,0.855098,-0.02176466667,,,
2.634353158,3.314655641,2025-07-15 17:40,Kamil Majchrzak,-175,0.651368,0.082078,0.2162224385,0,2025-07-16 15:00,-0.2162224385,,0.041039,,,0.6363636364,0.651368,-0.01500436364,,,
2.634353158,3.314655641,2025-07-15 17:40,Dominic Stricker,310,0.260419,0.043484,0.1145522127,0,2025-07-16 15:00,-0.1145522127,,0.021742,,,0.243902439,0.260419,-0.01651656098,,,
2.634353158,3.314655641,2025-07-15 17:40,Sebastian Baez,-300,0.754104,0.032628,0.08595367486,1,2025-07-16 15:00,0.02865122495,,0.016314,,,0.75,0.754104,-0.004104,,,
2.56065255,2.56065255,2025-07-16 18:00,Ignacio Buse,-116,0.580642,0.187522,0.4801786874,1,2025-07-18 14:00,0.4139471443,,0.093761,,,0.537037037,0.580642,-0.04360496296,,,
2.56065255,2.56065255,2025-07-16 18:00,Andrey Rublev,-3500,0.973698,0.10491,0.268638059,1,2025-07-17 15:00,0.007675373114,,0.052455,,,0.9722222222,0.973698,-0.001475777778,,,
2.56065255,2.56065255,2025-07-16 18:00,Francesco Passaro,-156,0.628904,0.098904,0.2532587798,0,2025-07-17 15:00,-0.2532587798,,0.049452,,,0.609375,0.628904,-0.019529,,,
2.56065255,2.56065255,2025-07-16 18:00,Filip Misolic,110,0.496777,0.077776,0.1991573127,1,2025-07-17 15:00,0.219073044,,0.038888,,,0.4761904762,0.496777,-0.02058652381,,,
2.56065255,2.56065255,2025-07-16 18:00,Arthur Cazaux,184,0.364634,0.038212,0.09784765523,1,2025-07-17 15:00,0.1800396856,,0.019106,,,0.3521126761,0.364634,-0.01252132394,,,
2.56065255,2.56065255,2025-07-16 18:00,Daniel Altmaier,-140,0.589394,0.028738,0.07358803297,0,2025-07-17 15:00,-0.07358803297,,0.014369,,,0.5833333333,0.589394,-0.006060666667,,,
2.56065255,2.56065255,2025-07-16 18:00,Alexander Shevchenko,148,0.410973,0.025654,0.06569098051,0,2025-07-17 15:00,-0.06569098051,,0.012827,,,0.4032258065,0.410973,-0.007747193548,,,
2.094724172,2.574902859,2025-07-17 18:30,Filip Misolic,-118,0.597086,0.22,0.4608393178,0,2025-07-18 14:00,-0.4608393178,,0.11,,,0.5412844037,0.597086,-0.05580159633,,,
2.094724172,2.574902859,2025-07-17 18:30,Juan Manuel Cerundolo,350,0.248032,0.065488,0.1371792966,1,2025-07-18 14:00,0.480127538,,0.032744,,,0.2222222222,0.248032,-0.02580977778,,,
2.094724172,2.574902859,2025-07-17 18:30,Arthur Cazaux,-128,0.575809,0.064554,0.1352228242,1,2025-07-18 14:00,0.1056428314,,0.032277,,,0.5614035088,0.575809,-0.01440549123,,,
2.094724172,2.574902859,2025-07-17 18:30,Emilo Nava,430,0.199334,0.025828,0.05410253591,0,2025-07-18 14:00,-0.05410253591,,0.012914,,,0.1886792453,0.199334,-0.01065475472,,,
2.094724172,2.574902859,2025-07-17 18:30,Francisco Comesana,136,0.426374,0.009014,0.01888184368,0,2025-07-18 14:00,-0.01888184368,,0.004507,,,0.4237288136,0.426374,-0.002645186441,,,
3.040796676,3.040796676,2025-07-18 15:00,Aleksandar Kovacevic,350,0.233493,0.028974,0.08810404288,1,2025-07-19 5:00,0.3083641501,,0.014487,,,0.2222222222,0.233493,-0.01127077778,,,
3.040796676,3.040796676,2025-07-18 15:00,Adam Walton,220,0.32032,0.022732,0.06912339003,0,2025-07-19 5:00,-0.06912339003,,0.011366,,,0.3125,0.32032,-0.00782,,,
3.280037436,3.280037436,2025-07-19 14:15,Aleksandar Kovacevic,250,0.289665,0.010934,0.03586392932,0,2025-07-20 8:00,-0.03586392932,,0.005467,,,0.2857142857,0.289665,-0.003950714286,,,
3.280037436,3.280037436,2025-07-19 14:15,Terence Atmane,190,0.3983,0.16322,0.5353677102,1,2025-07-21 20:00,1.017198649,,0.08161,,,0.3448275862,0.3983,-0.05347241379,,,
2.708805796,3.244173506,2025-07-20 13:45,Hugo Gaston,-165,0.691512,0.22,0.5959372751,0,2025-07-21 20:00,-0.5959372751,,0.11,,,0.6226415094,0.691512,-0.06887049057,,,
2.708805796,3.244173506,2025-07-20 13:45,Francisco Comesana,-425,0.82808,0.18563,0.5028356199,1,2025-07-21 20:00,0.1183142635,,0.092815,,,0.8095238095,0.82808,-0.01855619048,,,
2.708805796,3.244173506,2025-07-20 13:45,Joel Schwaerzler,215,0.339784,0.136316,0.3692535709,0,2025-07-21 20:00,-0.3692535709,,0.068158,,,0.3174603175,0.339784,-0.02232368254,,,
2.708805796,3.244173506,2025-07-20 13:45,Ignacio Buse,-104,0.544164,0.13445,0.3641989393,0,2025-07-22 18:00,-0.3641989393,,0.067225,,,0.5098039216,0.544164,-0.03436007843,,,
2.708805796,3.244173506,2025-07-20 13:45,Quentin Halys,-110,0.552005,0.113348,0.3070377194,0,2025-07-22 18:00,-0.3070377194,,0.056674,,,0.5238095238,0.552005,-0.02819547619,,,
2.708805796,3.244173506,2025-07-20 13:45,Tomas Martin Etcheverry,-114,0.546596,0.056724,0.1536543,0,2025-07-22 18:00,-0.1536543,,0.028362,,,0.5327102804,0.546596,-0.01388571963,,,
2.708805796,3.244173506,2025-07-20 13:45,Alexander Shevchenko,-130,0.574628,0.04129,0.1118465913,1,2025-07-21 20:00,0.08603583947,,0.020645,,,0.5652173913,0.574628,-0.009410608696,,,
2.708805796,3.244173506,2025-07-20 13:45,Jaume Munar,106,0.495857,0.038648,0.1046899264,1,2025-07-22 18:00,0.110971322,,0.019324,,,0.4854368932,0.495857,-0.0104201068,,,
2.708805796,3.244173506,2025-07-20 13:45,Fabian Marozsan,-152,0.606213,0.014602,0.03955398223,1,2025-07-21 20:00,0.02602235673,,0.007301,,,0.6031746032,0.606213,-0.003038396825,,,
0.1597978715,3.244173506,2025-07-21 10:15,Yibing Wu,200,0.381304,0.14301,0.02285269361,1,2025-07-22 18:00,0.04570538721,,0.071505,,,0.3333333333,0.381304,-0.04797066667,,,
0.1597978715,3.244173506,2025-07-21 10:15,Arthur Rinderknech,-200,0.685466,0.11107,0.01774874959,1,2025-07-21 20:00,0.008874374795,,0.055535,,,0.6666666667,0.685466,-0.01879933333,,,
0.1597978715,3.244173506,2025-07-21 10:15,Miomir Kecmanovic,-235,0.714894,0.088348,0.01411782235,0,2025-07-22 18:00,-0.01411782235,,0.044174,,,0.7014925373,0.714894,-0.01340146269,,,
0.1597978715,3.244173506,2025-07-21 10:15,Reily Opelka,-275,0.739449,0.04511,0.007208481984,1,2025-07-21 20:00,0.002621266176,,0.022555,,,0.7333333333,0.739449,-0.006115666667,,,
0.1597978715,3.244173506,2025-07-21 10:15,Alvaro Guillen Meza,180,0.366544,0.028782,0.004599302338,0,2025-07-21 20:00,-0.004599302338,,0.014391,,,0.3571428571,0.366544,-0.009401142857,,,
0.1597978715,3.244173506,2025-07-21 10:15,Colton Smith,160,0.387491,0.009192,0.001468862035,0,2025-07-21 20:00,-0.001468862035,,0.004596,,,0.3846153846,0.387491,-0.002875615385,,,
2.565429845,3.531981246,2025-07-22 8:30,Arthur Rinderknech,-235,0.720005,0.12401,0.3181389551,1,2025-07-23 12:00,0.1353782788,,0.062005,,,0.7014925373,0.720005,-0.01851246269,,,
2.565429845,3.531981246,2025-07-22 8:30,Alexander Shevchenko,125,0.451162,0.024144,0.06193973818,1,2025-07-23 12:00,0.07742467272,,0.012072,,,0.4444444444,0.451162,-0.006717555556,,,
2.565429845,3.531981246,2025-07-22 8:30,Reilly Opelka,265,0.274969,0.00274,0.007029277775,0,2025-07-23 18:00,-0.007029277775,,0.00137,,,0.2739726027,0.274969,-0.0009963972603,,,
2.462541203,2.849649174,2025-07-22 22:30,Mariano Navone,-185,0.665875,0.095188,0.234404372,0,2025-07-23 12:10,-0.234404372,,0.047594,,,0.649122807,0.665875,-0.01675219298,,,
2.462541203,2.849649174,2025-07-22 22:30,Francisco Comesana,-210,0.688477,0.068298,0.1681866391,0,2025-07-23 12:00,-0.1681866391,,0.034149,,,0.6774193548,0.688477,-0.01105764516,,,
2.462541203,2.849649174,2025-07-22 22:30,Jan Lennard Struff,-225,0.705583,0.085984,0.2117391428,1,2025-07-23 12:00,0.09410628569,,0.042992,,,0.6923076923,0.705583,-0.01327530769,,,
2.462541203,2.849649174,2025-07-22 22:30,Yibing Wu,110,0.488363,0.046302,0.1140205828,1,2025-07-23 18:00,0.1254226411,,0.023151,,,0.4761904762,0.488363,-0.01217252381,,,
2.462541203,2.849649174,2025-07-22 22:30,Bu Yunchaokete,500,0.179175,0.029928,0.07369893313,0,2025-07-23 18:00,-0.07369893313,,0.014964,,,0.1666666667,0.179175,-0.01250833333,,,
2.559218607,2.7539674,2025-07-23 12:15,Jaume Munar,118,0.467517,0.032522,0.08323090752,0,2025-07-23 20:55,-0.08323090752,,0.016261,,,0.4587155963,0.467517,-0.00880140367,,,
2.715430923,2.79866183,2025-07-23 19:30,Pablo Llamas Ruiz,-125,0.576185,0.092394,0.2508895247,N/A,2025-07-24 12:30,0,,0.046197,,,0.5555555556,0.576185,-0.02062944444,,,
2.715430923,2.79866183,2025-07-23 19:30,Alexander Shevchenko,240,0.309217,0.04256,0.1155687401,0,2025-07-24 17:30,-0.1155687401,,0.02128,,,0.2941176471,0.309217,-0.01509935294,,,
2.715430923,2.79866183,2025-07-23 19:30,Arthur Cazaux,133,0.429339,0.065776,0.1786101844,1,2025-07-24 12:30,0.2375515452,,0.032888,,,0.4291845494,0.429339,-0.0001544506438,,,
2.715430923,2.79866183,2025-07-23 19:30,Yibing Wu,270,0.288921,0.0504,0.1368577185,0,2025-07-24 12:30,-0.1368577185,,0.0252,,,0.2702702703,0.288921,-0.01865072973,,,
2.715430923,2.79866183,2025-07-23 19:30,Corentin Moutet,-225,0.709513,0.111264,0.3021297062,1,2025-07-24 17:30,0.1342798694,,0.055632,,,0.6923076923,0.709513,-0.01720530769,,,
2.398426303,2.81612475,2025-07-24 12:35,Titouan Droguet,-120,0.571333,0.113546,0.272331713,0,2025-07-24 17:30,-0.272331713,,0.056773,,,0.5454545455,0.571333,-0.02587845455,,,
2.398426303,2.81612475,2025-07-24 12:35,Matteo Arnaldi,400,0.21616,0.049812,0.119470411,0,2025-07-24 22:15,-0.119470411,,0.024906,,,0.2,0.21616,-0.01616,,,
2.398426303,2.81612475,2025-07-24 12:35,Alejandro Davidovich Fokina 	,-140,0.593572,0.048894,0.1172686557,1,2025-07-24 17:30,0.08376332548,,0.024447,,,0.5833333333,0.593572,-0.01023866667,,,
2.52679708,2.646267491,2025-07-24 20:40,Corentin Moutet,310,0.262721,0.04978,0.1257839587,1,2025-07-25 18:30,0.3899302718,,0.02489,,,0.243902439,0.262721,-0.01881856098,,,
2.401013122,2.52679708,2025-07-24 22:30,Botic Van De Zandschulp,260,0.291956,0.039262,0.09426857718,0,2025-07-25 14:30,-0.09426857718,,0.019631,,,0.2777777778,0.291956,-0.01417822222,,,
2.822458775,2.822458775,2025-07-26 11:00,Carlos Taberner,195,0.357325,0.055124,0.1555852175,0,2025-07-26 17:00,-0.1555852175,,0.027562,,,0.3389830508,0.357325,-0.01834194915,,,
2.822458775,2.822458775,2025-07-26 11:00,Alejandro Davidovich Fokina,240,0.333267,0.110774,0.3126550483,1,2025-07-27 1:00,0.750372116,,0.055387,,,0.2941176471,0.333267,-0.03914935294,,,
3.417245674,3.417245674,2025-07-27 10:15,Liam Draxl,-175,0.652186,0.086934,0.2970748354,0,2025-07-28 21:45,-0.2970748354,,0.043467,,,0.6363636364,0.652186,-0.01582236364,,,
3.417245674,3.417245674,2025-07-27 10:15,Mackenzie Mcdonald,-182,0.657101,0.065948,0.2253605177,1,2025-07-28 17:00,0.1238244603,,0.032974,,,0.6453900709,0.657101,-0.01171092908,,,
3.417245674,3.417245674,2025-07-27 10:15,Francisco Comesana,-172,0.641718,0.050856,0.173787446,1,2025-07-28 17:00,0.1010392128,,0.025428,,,0.6323529412,0.641718,-0.009365058824,,,
2.721022875,3.417245674,2025-07-28 10:25,Chun Hsin Tseng,126,0.446148,0.013156,0.03579777694,0,2025-07-28 17:00,-0.03579777694,,0.006578,,,0.4424778761,0.446148,-0.003670123894,,,
2.721022875,3.417245674,2025-07-28 10:25,Marcos Giron,-225,0.696007,0.024028,0.06538073763,0,2025-07-28 17:00,-0.06538073763,,0.012014,,,0.6923076923,0.696007,-0.003699307692,,,
2.721022875,3.417245674,2025-07-28 10:25,Tristan Schoolkate,330,0.243232,0.027814,0.07568253023,1,2025-07-28 17:00,0.2497523498,,0.013907,,,0.2325581395,0.243232,-0.01067386047,,,
3.493608346,3.790683182,2025-07-28 18:00,Tomas Martin Etcheverry,180,0.385916,0.089108,0.3113084525,1,2025-07-29 23:00,0.5603552146,,0.044554,,,0.3571428571,0.385916,-0.02877314286,,,
3.493608346,3.790683182,2025-07-28 18:00,Emilio Nava,250,0.312198,0.073806,0.2578492576,N/A,2025-07-29 14:00,0,,0.036903,,,0.2857142857,0.312198,-0.02648371429,,,
3.493608346,3.790683182,2025-07-28 18:00,Learner Tien,156,0.403055,0.04049,0.1414562019,1,2025-07-29 23:00,0.220671675,,0.020245,,,0.390625,0.403055,-0.01243,,,
3.493608346,3.790683182,2025-07-28 18:00,Giovanni Mpetshi Perricard,160,0.394305,0.031246,0.1091612864,0,2025-07-29 14:00,-0.1091612864,,0.015623,,,0.3846153846,0.394305,-0.009689615385,,,
3.493608346,3.790683182,2025-07-28 18:00,Reily Opelka,138,0.425035,0.01665,0.05816857897,1,2025-07-29 23:00,0.08027263898,,0.008325,,,0.4201680672,0.425035,-0.004866932773,,,
3.493608346,3.790683182,2025-07-28 18:00,Miomir Kecmanovic,-190,0.657155,0.011406,0.0398480968,0,2025-07-29 23:00,-0.0398480968,,0.005703,,,0.6551724138,0.657155,-0.001982586207,,,
3.493608346,3.790683182,2025-07-28 18:00,Facundo Bagnis,550,0.157976,0.009684,0.03383210323,0,2025-07-29 23:00,-0.03383210323,,0.004842,,,0.1538461538,0.157976,-0.004129846154,,,
3.493608346,3.790683182,2025-07-28 18:00,Juan Pablo Ficovich,800,0.115386,0.009544,0.03334299806,0,2025-07-29 23:00,-0.03334299806,,0.004772,,,0.1111111111,0.115386,-0.004274888889,,,
3.493608346,3.790683182,2025-07-28 18:00,Adam Walton,800,0.112611,0.003348,0.01169660074,0,2025-07-29 23:00,-0.01169660074,,0.001674,,,0.1111111111,0.112611,-0.001499888889,,,
2.754794028,3.38444706,2025-07-29 14:10,Bu Yunchaokete,105,0.50879,0.081338,0.2240694366,0,2025-07-30 23:00,-0.2240694366,,0.040669,,,0.487804878,0.50879,-0.02098512195,,,
2.754794028,3.38444706,2025-07-29 14:10,Aleksandar Vukic,235,0.319051,0.058164,0.1602298398,1,2025-07-30 23:00,0.3765401236,,0.029082,,,0.2985074627,0.319051,-0.02054353731,,,
2.754794028,3.38444706,2025-07-29 14:10,Flavio Cobolli,-400,0.804297,0.042574,0.1172826009,1,2025-07-30 23:00,0.02932065023,,0.021287,,,0.8,0.804297,-0.004297,,,
2.754794028,3.38444706,2025-07-29 14:10,Tristan Boyer,600,0.161063,0.042222,0.1163129134,0,2025-07-30 23:00,-0.1163129134,,0.021111,,,0.1428571429,0.161063,-0.01820585714,,,
2.754794028,3.38444706,2025-07-29 14:10,Lorenzo Musetti,-290,0.748512,0.038044,0.104803384,1,2025-07-29 23:00,0.03613909793,,0.019022,,,0.7435897436,0.748512,-0.00492225641,,,
2.754794028,3.38444706,2025-07-29 14:10,Hugo Gaston,700,0.137109,0.027474,0.07568521112,0,2025-07-30 23:00,-0.07568521112,,0.013737,,,0.125,0.137109,-0.012109,,,
2.754794028,3.38444706,2025-07-29 14:10,Francisco Comesana,1100,0.09326,0.021502,0.05923358118,0,2025-07-30 23:00,-0.05923358118,,0.010751,,,0.08333333333,0.09326,-0.009926666667,,,
2.754794028,3.38444706,2025-07-29 14:10,Christopher Oconnell,220,0.318185,0.01639,0.04515107411,1,2025-07-30 23:00,0.09933236305,,0.008195,,,0.3125,0.318185,-0.005685,,,
2.754794028,3.38444706,2025-07-29 14:10,Dalibor Svrcina,850,0.109695,0.009822,0.02705758694,0,2025-07-29 23:00,-0.02705758694,,0.004911,,,0.1052631579,0.109695,-0.004431842105,,,
3.338143643,4.136108301,2025-07-30 11:45,Tomas Martin Etcheverry,182,0.376806,0.06863,0.2290967983,0,2025-07-31 16:00,-0.2290967983,,0.034315,,,0.3546099291,0.376806,-0.02219607092,,,
3.338143643,4.136108301,2025-07-30 11:45,Emilio Nava,310,0.265019,0.055746,0.1860881555,0,2025-07-31 16:00,-0.1860881555,,0.027873,,,0.243902439,0.265019,-0.02111656098,,,
3.750815341,3.750815341,2025-07-31 18:15,Ben Shelton,-225,0.70267,0.067328,0.2525348953,1,2025-08-01 23:00,0.1122377312,,0.033664,,,0.6923076923,0.70267,-0.01036230769,,,
3.750815341,3.750815341,2025-07-31 18:15,Jiri Lehecka,-150,0.608494,0.042444,0.1591996064,1,2025-08-01 15:00,0.1061330709,,0.021222,,,0.6,0.608494,-0.008494,,,
3.750815341,3.750815341,2025-07-31 18:15,Gabriel Diallo,260,0.28212,0.012016,0.04506979714,0,2025-08-01 23:00,-0.04506979714,,0.006008,,,0.2777777778,0.28212,-0.004342222222,,,
3.750815341,3.750815341,2025-07-31 18:15,Christopher Oconnell,850,0.105629,0.000816,0.003060665319,N/A,2025-08-01 23:00,0,,0.000408,,,0.1052631579,0.105629,-0.0003658421053,,,
3.556283055,3.856948412,2025-08-01 18:35,Alexei Popyrin,205,0.354326,0.078646,0.2796874371,1,2025-08-02 23:00,0.5733592461,,0.039323,,,0.3278688525,0.354326,-0.02645714754,,,
3.556283055,3.856948412,2025-08-01 18:35,Francisco Cerundolo,225,0.3225,0.042646,0.1516612471,N/A,2025-08-02 23:00,0,,0.021323,,,0.3076923077,0.3225,-0.01480769231,,,
3.556283055,3.856948412,2025-08-01 18:35,Learner Tien,-105,0.516368,0.01704,0.06059906325,0,2025-08-02 23:00,-0.06059906325,,0.00852,,,0.512195122,0.516368,-0.004172878049,,,
3.432168599,3.924116346,2025-08-02 11:00,Andrey Rublev,114,0.480302,0.048814,0.167537878,1,2025-08-04 2:00,0.1909931809,,0.024407,,,0.4672897196,0.480302,-0.01301228037,,,
3.432168599,3.924116346,2025-08-02 11:00,Jiri Lehecka,205,0.338573,0.03182,0.1092116048,0,2025-08-04 2:00,-0.1092116048,,0.01591,,,0.3278688525,0.338573,-0.01070414754,,,
3.432168599,3.924116346,2025-08-02 11:00,Flavio Cobolli,215,0.325397,0.02323,0.07972927655,0,2025-08-04 2:00,-0.07972927655,,0.011615,,,0.3174603175,0.325397,-0.00793668254,,,
4.08039777,4.436876529,2025-08-03 11:00,Alexei Popyrin,270,0.285732,0.04236,0.1728456495,0,2025-08-04 23:00,-0.1728456495,,0.02118,,,0.2702702703,0.285732,-0.01546172973,,,
4.08039777,4.436876529,2025-08-03 11:00,Alex Michelsen,182,0.364174,0.029604,0.1207960956,0,2025-08-04 23:00,-0.1207960956,,0.014802,,,0.3546099291,0.364174,-0.009564070922,,,
4.145287084,4.438928829,2025-08-04 10:50,Andrey Rublev,176,0.368908,0.020666,0.08566650287,0,2025-08-05 22:00,-0.08566650287,,0.010333,,,0.3623188406,0.368908,-0.00658915942,,,
4.059620581,4.145287084,2025-08-05 11:00,Karen Khachanov,215,0.328174,0.031394,0.1274477285,1,2025-08-06 22:10,0.2740126163,,0.015697,,,0.3174603175,0.328174,-0.01071368254,,,
3.932172852,4.059620581,2025-08-06 15:00,Nishesh Basavareddy,130,0.509924,0.22,0.8650780275,N/A,2025-08-08 10:00,0,,0.11,,,0.4347826087,0.509924,-0.0751413913,,,
3.932172852,4.059620581,2025-08-06 15:00,Damir Dzumhur,136,0.434498,0.035444,0.1393719346,1,2025-08-08 23:30,0.189545831,,0.017722,,,0.4237288136,0.434498,-0.01076918644,,,
3.932172852,4.059620581,2025-08-06 15:00,Nuno Borges,-182,0.654795,0.051738,0.203442759,0,2025-08-07 15:15,-0.203442759,,0.025869,,,0.6453900709,0.654795,-0.009404929078,,,
3.932172852,4.059620581,2025-08-06 15:00,Roman Safiullin,-194,0.667714,0.045018,0.1770185575,1,2025-08-07 15:15,0.09124667911,,0.022509,,,0.6598639456,0.667714,-0.007850054422,,,
2.948721919,4.333633197,2025-08-06 22:30,Matteo Arnaldi,-200,0.678184,0.069016,0.2035089919,0,2025-08-07 15:15,-0.2035089919,,0.034508,,,0.6666666667,0.678184,-0.01151733333,,,
2.948721919,4.333633197,2025-08-06 22:30,Hamad Medjedovic,-110,0.539534,0.065986,0.1945743645,1,2025-08-08 19:20,0.1768857859,,0.032993,,,0.5238095238,0.539534,-0.01572447619,,,
2.948721919,4.333633197,2025-08-06 22:30,Sebastian Baez,185,0.358852,0.024532,0.07233804611,1,2025-08-07 23:50,0.1338253853,,0.012266,,,0.350877193,0.358852,-0.007974807018,,,
2.948721919,4.333633197,2025-08-06 22:30,Miomir Kecmanovic,-130,0.566448,0.005652,0.01666617628,0,2025-08-08 19:20,-0.01666617628,,0.002826,,,0.5652173913,0.566448,-0.001230608696,,,
2.729899576,4.017928125,2025-08-07 15:30,Alexander Blockx,136,0.462033,0.132326,0.3612366913,1,2025-08-08 15:50,0.4912819002,,0.066163,,,0.4237288136,0.462033,-0.03830418644,,,
2.729899576,4.017928125,2025-08-07 15:30,Adrian Mannarino,-146,0.620293,0.130822,0.3571309224,1,2025-08-07 18:00,0.2446102208,,0.065411,,,0.593495935,0.620293,-0.02679706504,,,
2.729899576,4.017928125,2025-08-07 15:30,Emilio Nava,-200,0.680561,0.082534,0.2253095316,1,2025-08-08 15:50,0.1126547658,,0.041267,,,0.6666666667,0.680561,-0.01389433333,,,
2.729899576,4.017928125,2025-08-07 15:30,Adam Walton,-116,0.550331,0.056856,0.1552111703,1,2025-08-08 19:20,0.133802733,,0.028428,,,0.537037037,0.550331,-0.01329396296,,,
2.729899576,4.017928125,2025-08-07 15:30,Thiago Agustin Tirante,-178,0.64361,0.018274,0.04988618486,0,2025-08-08 15:50,-0.04988618486,,0.009137,,,0.6402877698,0.64361,-0.003322230216,,,
2.729899576,4.017928125,2025-08-07 15:30,Camilo Ugo Carabelli,150,0.402927,0.009652,0.02634899071,1,2025-08-08 15:50,0.03952348607,,0.004826,,,0.4,0.402927,-0.002927,,,
3.227758687,4.396363731,2025-08-08 11:05,Aleksandar Vukic,-125,0.569019,0.060574,0.1955182547,0,2025-08-08 23:30,-0.1955182547,,0.030287,,,0.5555555556,0.569019,-0.01346344444,,,
3.227758687,4.396363731,2025-08-08 11:05,Pedro Martinez,770,0.126663,0.026464,0.0854194059,0,2025-08-09 23:30,-0.0854194059,,0.013232,,,0.1149425287,0.126663,-0.01172047126,,,
3.227758687,4.396363731,2025-08-08 11:05,Coleman Wong,188,0.352868,0.017286,0.05579503667,0,2025-08-09 23:30,-0.05579503667,,0.008643,,,0.3472222222,0.352868,-0.005645777778,,,
3.227758687,4.396363731,2025-08-08 11:05,Roberto Carballes Baena,410,0.198291,0.0055,0.01775267278,0,2025-08-09 23:30,-0.01775267278,,0.00275,,,0.1960784314,0.198291,-0.002212568627,,,
5.119020502,5.277987618,2025-08-09 8:45,Emilio Nava,500,0.184543,0.042904,0.2196264556,0,2025-08-09 23:30,-0.2196264556,,0.021452,,,0.1666666667,0.184543,-0.01787633333,,,
4.899394047,4.899394047,2025-08-10 9:00,Learner Tien,160,0.400512,0.051518,0.2524069825,0,2025-08-10 23:30,-0.2524069825,,0.025759,,,0.3846153846,0.400512,-0.01589661538,,,
4.899394047,4.899394047,2025-08-10 9:00,Alexander Blockx,240,0.312209,0.05114,0.2505550115,0,2025-08-10 23:30,-0.2505550115,,0.02557,,,0.2941176471,0.312209,-0.01809135294,,,
4.899394047,4.899394047,2025-08-10 9:00,Nishesh Basavareddy,575,0.160055,0.02532,0.1240526573,0,2025-08-10 23:30,-0.1240526573,,0.01266,,,0.1481481481,0.160055,-0.01190685185,,,
4.899394047,4.899394047,2025-08-10 9:00,Luca Nardi,300,0.25771,0.020488,0.1003787852,1,2025-08-10 23:30,0.3011363557,,0.010244,,,0.25,0.25771,-0.00771,,,
4.899394047,4.899394047,2025-08-10 9:00,Damir Dzumhur,1700,0.058454,0.006116,0.02996469399,0,2025-08-10 23:30,-0.02996469399,,0.003058,,,0.05555555556,0.058454,-0.002898444444,,,
4.543551057,4.543551057,2025-08-11 9:40,Jenson Brooksby,230,0.321361,0.05253,0.238672737,0,2025-08-12 23:30,-0.238672737,,0.026265,,,0.303030303,0.321361,-0.01833069697,,,
4.543551057,4.543551057,2025-08-11 9:40,Gabriel Diallo,2200,0.0513,0.01633,0.07419618876,0,2025-08-11 23:30,-0.07419618876,,0.008165,,,0.04347826087,0.0513,-0.00782173913,,,
4.543551057,4.543551057,2025-08-11 9:40,Francisco Comesana,176,0.36682,0.014076,0.06395502468,1,2025-08-12 23:30,0.1125608434,,0.007038,,,0.3623188406,0.36682,-0.00450115942,,,
4.543551057,4.543551057,2025-08-11 9:40,Adrian Mannarino,300,0.252856,0.007594,0.03450372673,1,2025-08-11 23:30,0.1035111802,,0.003797,,,0.25,0.252856,-0.002856,,,
4.543551057,4.543551057,2025-08-11 9:40,Hamad Medjedovic,600,0.144259,0.003262,0.01482106355,0,2025-08-12 23:30,-0.01482106355,,0.001631,,,0.1428571429,0.144259,-0.001401857143,,,
4.543551057,4.543551057,2025-08-11 9:40,Joao Fonseca,-325,0.767078,0.020106,0.09135263755,0,2025-08-11 23:30,-0.09135263755,,0.010053,,,0.7647058824,0.767078,-0.002372117647,,,
4.164064586,4.481513411,2025-08-12 12:45,Terence Atmane,750,0.130276,0.028626,0.1192005128,1,2025-08-13 22:10,0.8940038462,,0.014313,,,0.1176470588,0.130276,-0.01262894118,,,
4.221379941,4.340580454,2025-08-13 8:45,Adrian Mannarino,1650,0.071019,0.029404,0.1241254558,0,2025-08-13 22:10,-0.1241254558,,0.014702,,,0.05714285714,0.071019,-0.01387614286,,,
4.221379941,4.340580454,2025-08-13 8:45,Francisco Comesana,350,0.231982,0.025006,0.1055598268,0,2025-08-13 22:10,-0.1055598268,,0.012503,,,0.2222222222,0.231982,-0.009759777778,,,
4.221379941,4.340580454,2025-08-13 8:45,Luca Nardi,1160,0.087212,0.016992,0.07172968796,0,2025-08-13 22:10,-0.07172968796,,0.008496,,,0.07936507937,0.087212,-0.007846920635,,,
4.933169329,4.933169329,2025-08-14 8:45,Felix Auger Aliassime,720,0.125897,0.00956,0.04716109879,0,2025-08-14 22:10,-0.04716109879,,0.00478,,,0.1219512195,0.125897,-0.003945780488,,,
4.886008231,4.886008231,2025-08-17 9:30,Hugo Gaston,210,0.335144,0.03709,0.1812220453,0,2025-08-18 21:00,-0.1812220453,,0.018545,,,0.3225806452,0.335144,-0.01256335484,,,
4.886008231,4.886008231,2025-08-17 9:30,Adam Walton,-135,0.57657,0.009874,0.04824444527,0,2025-08-17 20:00,-0.04824444527,,0.004937,,,0.5744680851,0.57657,-0.002101914894,,,
4.65654174,4.837763785,2025-08-18 9:45,Alexander Vukic,-250,0.774175,0.22,1.024439183,0,2025-08-18 21:00,-1.024439183,,0.11,,,0.7142857143,0.774175,-0.05988928571,,,
4.65654174,4.837763785,2025-08-18 9:45,Mariano Navone,-250,0.751517,0.22,1.024439183,1,2025-08-18 21:00,0.4097756731,,0.11,,,0.7142857143,0.751517,-0.03723128571,,,
4.65654174,4.837763785,2025-08-18 9:45,Nishesh Basavareddy,-250,0.736783,0.152372,0.709526578,1,2025-08-18 21:00,0.2838106312,,0.076186,,,0.7142857143,0.736783,-0.02249728571,,,
4.65654174,4.837763785,2025-08-18 9:45,Bu Yunchaokete,215,0.337665,0.05741,0.2673320613,1,2025-08-20 1:00,0.5747639318,,0.028705,,,0.3174603175,0.337665,-0.02020468254,,,
4.65654174,4.837763785,2025-08-18 9:45,Vit Kopriva,225,0.32101,0.03725,0.1734561798,0,2025-08-18 21:00,-0.1734561798,,0.018625,,,0.3076923077,0.32101,-0.01331769231,,,
3.88490062,4.152232682,2025-08-19 9:00,Darwin Blanch,158,0.418046,0.099362,0.3860114955,0,2025-08-20 1:00,-0.3860114955,,0.049681,,,0.3875968992,0.418046,-0.03044910078,,,
3.88490062,4.152232682,2025-08-19 9:00,Lorenzo Sonego,-550,0.85371,0.0978,0.3799432807,1,2025-08-20 1:00,0.06908059649,,0.0489,,,0.8461538462,0.85371,-0.007556153846,,,
3.88490062,4.152232682,2025-08-19 9:00,Christopher Oconnell,142,0.41713,0.013256,0.05149824263,N/A,2025-08-20 1:00,0,,0.006628,,,0.4132231405,0.41713,-0.003906859504,,,
4.410065715,4.410065715,2025-08-20 9:40,Hamad Medjedovic,112,0.473974,0.008614,0.03798830607,1,2025-08-20 19:30,0.04254690279,,0.004307,,,0.4716981132,0.473974,-0.002275886792,,,
4.452612617,4.452612617,2025-08-22 10:00,Marton Fucsovics,166,0.381082,0.01648,0.07337905593,N/A,2025-08-22 15:00,0,,0.00824,,,0.3759398496,0.381082,-0.005142150376,,,
4.452612617,4.452612617,2025-08-23 10:35,Jacob Fearnley,114,0.52001,0.196316,0.8741190986,1,2025-08-26 23:59,0.9964957724,,0.098158,,,0.4672897196,0.52001,-0.05272028037,,,
4.452612617,4.452612617,2025-08-23 10:35,James Duckworth,-140,0.614606,0.147766,0.657944756,0,2025-08-25 19:00,-0.657944756,,0.073883,,,0.5833333333,0.614606,-0.03127266667,,,
4.452612617,4.452612617,2025-08-23 10:35,Roman Safiullin,-105,0.534964,0.091728,0.4084292502,1,2025-08-26 23:59,0.3889802383,,0.045864,,,0.512195122,0.534964,-0.02276887805,,,
4.452612617,4.452612617,2025-08-23 10:35,Botic Van De Zandschulp,108,0.495581,0.05599,0.2493017804,0,2025-08-23 23:00,-0.2493017804,,0.027995,,,0.4807692308,0.495581,-0.01481176923,,,
4.452612617,4.452612617,2025-08-23 10:35,Denis Shapovalov,-140,0.594565,0.052878,0.23544525,1,2025-08-26 13:20,0.1681751786,,0.026439,,,0.5833333333,0.594565,-0.01123166667,,,
4.452612617,4.452612617,2025-08-23 10:35,Lorenzo Musetti,-230,0.702895,0.038338,0.1707042625,1,2025-08-26 13:45,0.07421924458,,0.019169,,,0.696969697,0.702895,-0.00592530303,,,
1.85666822,4.452612617,2025-08-23 10:45,Leandro Riedi,-140,0.60723,0.112784,0.2094024685,1,2025-08-26 17:40,0.1495731918,,0.056392,,,0.5833333333,0.60723,-0.02389666667,,,
1.85666822,4.452612617,2025-08-23 10:45,Zachary Svajda,-265,0.741183,0.108614,0.201660162,1,2025-08-25 16:45,0.07609817434,,0.054307,,,0.7260273973,0.741183,-0.01515560274,,,
1.85666822,4.452612617,2025-08-23 10:45,Learner Tien,580,0.189058,0.097888,0.1817455387,0,2025-08-25 16:45,-0.1817455387,,0.048944,,,0.1470588235,0.189058,-0.04199917647,,,
1.85666822,4.452612617,2025-08-23 10:45,Nishesh Basavareddy,315,0.261906,0.054308,0.1008319377,0,2025-08-25 20:30,-0.1008319377,,0.027154,,,0.2409638554,0.261906,-0.02094214458,,,
1.85666822,4.452612617,2025-08-23 10:45,Sebastian Korda,-190,0.660925,0.032732,0.06077246417,0,2025-08-25 16:45,-0.06077246417,,0.016366,,,0.6551724138,0.660925,-0.005752586207,,,
1.85666822,4.452612617,2025-08-23 10:45,Christopher Oconnell,1280,0.080633,0.017324,0.03216492024,0,2025-08-26 23:59,-0.03216492024,,0.008662,,,0.07246376812,0.080633,-0.008169231884,,,
1.85666822,4.452612617,2025-08-23 10:45,Hugo Dellien,1060,0.088112,0.004092,0.007597486355,0,2025-08-25 19:00,-0.007597486355,,0.002046,,,0.08620689655,0.088112,-0.001905103448,,,
1.062493242,4.452612617,2025-08-23 10:55,Darwin Blanch,-115,0.578527,0.18725,0.1989518596,0,2025-08-25 16:45,-0.1989518596,,0.093625,,,0.5348837209,0.578527,-0.04364327907,,,
1.062493242,4.452612617,2025-08-23 10:55,Luciano Darderi,-165,0.640917,0.096022,0.1020227261,1,2025-08-25 16:45,0.0618319552,,0.048011,,,0.6226415094,0.640917,-0.01827549057,,,
1.062493242,4.452612617,2025-08-23 10:55,Holger Rune,-285,0.747794,0.057438,0.06102748684,1,2025-08-25 19:00,0.02141315328,,0.028719,,,0.7402597403,0.747794,-0.00753425974,,,
1.062493242,4.452612617,2025-08-23 10:55,Daniil Medvedev,-385,0.798268,0.042762,0.04543433602,0,2025-08-25 16:45,-0.04543433602,,0.021381,,,0.793814433,0.798268,-0.00445356701,,,
1.062493242,4.452612617,2025-08-23 10:55,Ethan Quinn,-140,0.586094,0.013122,0.01394203632,0,2025-08-25 16:45,-0.01394203632,,0.006561,,,0.5833333333,0.586094,-0.002760666667,,,
1.062493242,4.452612617,2025-08-23 10:55,Borna Coric,570,0.154046,0.011158,0.01185529959,0,2025-08-25 16:45,-0.01185529959,,0.005579,,,0.1492537313,0.154046,-0.004792268657,,,
0.6292594976,4.203310837,2025-08-24 11:15,Shintaro Mochizuki,-172,0.661472,0.15833,0.09963065626,1,2025-08-26 17:40,0.05792480015,,0.079165,,,0.6323529412,0.661472,-0.02911905882,,,
0.6292594976,4.203310837,2025-08-24 11:15,Mackenzie Mcdonald,-118,0.552154,0.047214,0.02970985792,0,2025-08-25 19:00,-0.02970985792,,0.023607,,,0.5412844037,0.552154,-0.01086959633,,,
1.023972641,3.053868547,2025-08-25 21:00,Zachary Svajda,890,0.138295,0.082932,0.08492009908,0,2025-08-27 19:00,-0.08492009908,,0.041466,,,0.101010101,0.138295,-0.03728489899,,,
1.023972641,3.053868547,2025-08-25 21:00,Luciano Darderi,-165,0.62783,0.027174,0.02782543255,1,2025-08-27 23:59,0.01686389852,,0.013587,,,0.6226415094,0.62783,-0.005188490566,,,
1.023972641,3.053868547,2025-08-25 21:00,Pablo Carreno Busta,860,0.108101,0.008684,0.008892178416,0,2025-08-27 23:59,-0.008892178416,,0.004342,,,0.1041666667,0.108101,-0.003934333333,,,
1.550878867,3.296262971,2025-08-26 13:55,Flavio Cobolli,-152,0.612153,0.045234,0.07015245466,1,2025-08-28 19:35,0.0461529307,,0.022617,,,0.6031746032,0.612153,-0.008978396825,,,
1.550878867,3.296262971,2025-08-26 13:55,Tomas Machac,-110,0.533037,0.038742,0.06008414906,1,2025-08-27 19:00,0.05462195369,,0.019371,,,0.5238095238,0.533037,-0.00922747619,,,
1.550878867,3.296262971,2025-08-26 13:55,Coleman Wong,136,0.425639,0.006624,0.01027302161,1,2025-08-28 19:35,0.01397130939,,0.003312,,,0.4237288136,0.425639,-0.001910186441,,,
4.70963082,4.826773908,2025-08-27 19:30,Tristan Schoolkate,430,0.207098,0.045376,0.2137042081,0,2025-08-28 19:35,-0.2137042081,,0.022688,,,0.1886792453,0.207098,-0.01841875472,,,
4.70963082,4.826773908,2025-08-27 19:30,Jacob Fearnley,760,0.121179,0.011064,0.0521073554,0,2025-08-28 23:59,-0.0521073554,,0.005532,,,0.1162790698,0.121179,-0.004899930233,,,
4.70963082,4.826773908,2025-08-27 19:30,Leandro Riedi,195,0.348538,0.028846,0.1358540106,1,2025-08-28 19:35,0.2649153208,,0.014423,,,0.3389830508,0.348538,-0.009554949153,,,
4.352654577,4.834745628,2025-08-28 9:30,Cameron Norrie,890,0.103341,0.005186,0.02257286664,0,2025-08-29 23:59,-0.02257286664,,0.002593,,,0.101010101,0.103341,-0.00233089899,,,
4.352654577,4.834745628,2025-08-28 9:30,Jerome Kym,1000,0.092256,0.002962,0.01289256286,0,2025-08-29 23:59,-0.01289256286,,0.001481,,,0.09090909091,0.092256,-0.001346909091,,,
4.858508195,4.893973625,2025-08-29 9:30,Benjamin Bonzi,-126,0.562199,0.02114,0.1027088633,0,2025-08-29 23:59,-0.1027088633,,0.01057,,,0.5575221239,0.562199,-0.004676876106,,,
4.755799332,4.755799332,2025-08-30 9:15,Coleman Wong,870,0.105937,0.01094,0.05202844469,0,2025-08-30 18:30,-0.05202844469,,0.00547,,,0.1030927835,0.105937,-0.002844216495,,,
4.755799332,4.755799332,2025-08-30 9:15,Tomas Machac,220,0.333667,0.061562,0.2927765185,0,2025-08-31 21:30,-0.2927765185,,0.030781,,,0.3125,0.333667,-0.021167,,,
4.410994369,4.703770888,2025-08-31 8:45,Leandro Riedi,1000,0.092216,0.002876,0.01268601981,0,2025-09-02 23:30,-0.01268601981,,0.001438,,,0.09090909091,0.092216,-0.001306909091,,,
4.398308349,4.410994369,2025-09-01 8:45,Taylor Fritz,162,0.403894,0.071854,0.3160360481,0,2025-09-02 23:30,-0.3160360481,,0.035927,,,0.3816793893,0.403894,-0.02221461069,,,
4.082272301,4.082272301,2025-09-03 9:20,Alex De Minaur,-154,0.614941,0.043896,0.1791954249,0,2025-09-05 23:30,-0.1791954249,,0.021948,,,0.6062992126,0.614941,-0.008641787402,,,
4.082272301,4.082272301,2025-09-03 9:20,Carlos Alcaraz,-350,0.781194,0.030738,0.125480886,1,2025-09-05 23:30,0.03585168171,,0.015369,,,0.7777777778,0.781194,-0.003416222222,,,
3.938928558,3.938928558,2025-09-16 14:00,Alexander Shevchenko,175,0.433258,0.21876,0.8616800113,1,2025-09-18 18:30,1.50794002,,0.10938,,,0.3636363636,0.433258,-0.06962163636,,,
3.938928558,3.938928558,2025-09-16 14:00,Juan Manuel Cerundolo,190,0.344912,0.017592,0.06929363119,0,2025-09-18 18:30,-0.06929363119,,0.008796,,,0.3448275862,0.344912,-0.0000844137931,,,
3.938928558,3.938928558,2025-09-16 14:00,Ethan Quinn,120,0.459624,0.01826,0.07192483547,0,2025-09-17 8:00,-0.07192483547,,0.00913,,,0.4545454545,0.459624,-0.005078545455,,,
2.93603008,3.867003722,2025-09-17 21:55,Giulio Zeppieri,-390,0.829365,0.22,0.6459266176,1,2025-09-18 18:30,0.1656222096,,0.11,,,0.7959183673,0.829365,-0.03344663265,,,
2.93603008,3.867003722,2025-09-17 21:55,Alejandro Tabilo,-116,0.566065,0.123148,0.3615662323,1,2025-09-18 18:30,0.3116950278,,0.061574,,,0.537037037,0.566065,-0.02902796296,,,
2.93603008,3.867003722,2025-09-17 21:55,Nishesh Basavareddy,-185,0.670629,0.120154,0.3527757582,1,2025-09-18 18:30,0.190689599,,0.060077,,,0.649122807,0.670629,-0.02150619298,,,
2.93603008,3.867003722,2025-09-17 21:55,Yi Zhou,186,0.378041,0.085816,0.2519583573,0,2025-09-19 17:00,-0.2519583573,,0.042908,,,0.3496503497,0.378041,-0.02839065035,,,
2.93603008,3.867003722,2025-09-17 21:55,Juncheng Shang,136,0.448644,0.084876,0.2491984891,0,2025-09-19 17:00,-0.2491984891,,0.042438,,,0.4237288136,0.448644,-0.02491518644,,,
2.93603008,3.867003722,2025-09-17 21:55,Rinky Hijikata,-190,0.669864,0.08343,0.2449529896,1,2025-09-19 17:00,0.1289226261,,0.041715,,,0.6551724138,0.669864,-0.01469158621,,,
2.93603008,3.867003722,2025-09-17 21:55,Dalibor Svrcina,250,0.297,0.03096,0.09089949127,1,2025-09-18 18:30,0.2272487282,,0.01548,,,0.2857142857,0.297,-0.01128571429,,,
2.93603008,3.867003722,2025-09-17 21:55,Matteo Arnaldi,-112,0.534522,0.025812,0.07578480842,0,2025-09-19 17:00,-0.07578480842,,0.012906,,,0.5283018868,0.534522,-0.006220113208,,,
2.93603008,3.867003722,2025-09-17 21:55,Valentin Royer,-145,0.593029,0.005716,0.01678234794,1,2025-09-19 17:00,0.01157403306,,0.002858,,,0.5918367347,0.593029,-0.001192265306,,,
5.362228683,6.200905676,2025-09-18 18:45,Nishesh Basavareddy,186,0.368703,0.05857,0.314065734,0,2025-09-20 12:00,-0.314065734,,0.029285,,,0.3496503497,0.368703,-0.01905265035,,,
5.362228683,6.200905676,2025-09-18 18:45,Alejandro Tabilo,-150,0.608574,0.0428,0.2295033877,1,2025-09-19 17:00,0.1530022584,,0.0214,,,0.6,0.608574,-0.008574,,,
5.362228683,6.200905676,2025-09-18 18:45,Alexander Shevchenko,162,0.384538,0.009228,0.04948264629,1,2025-09-20 12:00,0.08016188699,,0.004614,,,0.3816793893,0.384538,-0.002858610687,,,
5.362228683,6.200905676,2025-09-18 18:45,Dino Prizmic,195,0.341354,0.00716,0.03839355737,0,2025-09-20 12:00,-0.03839355737,,0.00358,,,0.3389830508,0.341354,-0.002370949153,,,
5.515521001,5.917462939,2025-09-19 17:45,Sebastian Korda,-182,0.646564,0.006622,0.03652378007,0,2025-09-20 12:00,-0.03652378007,,0.003311,,,0.6453900709,0.646564,-0.001173929078,,,
5.478997221,5.917462939,2025-09-20 0:15,Alejandro Tabilo,-180,0.669373,0.148022,0.8110121266,1,2025-09-21 12:00,0.4505622926,,0.074011,,,0.6428571429,0.669373,-0.02651585714,,,
5.478997221,5.917462939,2025-09-20 0:15,Valentin Royer,400,0.223054,0.057468,0.3148670123,1,2025-09-20 12:00,1.259468049,,0.028734,,,0.2,0.223054,-0.023054,,,
6.057097677,6.868109803,2025-09-20 13:35,Yibing Wu,260,0.298471,0.057304,0.3470959253,1,2025-09-21 12:00,0.9024494057,,0.028652,,,0.2777777778,0.298471,-0.02069322222,,,
6.057097677,6.868109803,2025-09-20 13:35,Corentin Moutet,124,0.448335,0.006874,0.04163648943,1,2025-09-21 12:00,0.05162924689,,0.003437,,,0.4464285714,0.448335,-0.001906428571,,,
5.668365262,6.868109803,2025-09-20 16:40,Dalibor Svrcina,290,0.275848,0.05228,0.2963421359,0,2025-09-21 12:00,-0.2963421359,,0.02614,,,0.2564102564,0.275848,-0.01943774359,,,
7.976408612,7.976408612,2025-09-22 16:30,Luciano Darderi,-165,0.636952,0.07581,0.6046915369,1,2025-09-25 12:00,0.3664797193,,0.037905,,,0.6226415094,0.636952,-0.01431049057,,,
7.976408612,7.976408612,2025-09-22 16:30,Valentin Royer,270,0.278852,0.023496,0.1874136968,0,2025-09-23 11:00,-0.1874136968,,0.011748,,,0.2702702703,0.278852,-0.00858172973,,,
7.976408612,7.976408612,2025-09-22 16:30,Alejandro Tabilo,-130,0.568571,0.015406,0.1228845511,0,2025-09-25 12:00,-0.1228845511,,0.007703,,,0.5652173913,0.568571,-0.003353608696,,,
7.976408612,7.976408612,2025-09-22 16:30,Shintaro Mochizuki,250,0.288028,0.00647,0.05160736372,0,2025-09-25 12:00,-0.05160736372,,0.003235,,,0.2857142857,0.288028,-0.002313714286,,,
7.976408612,7.976408612,2025-09-22 16:30,Gabriel Diallo,380,0.208619,0.00072,0.005743014201,0,2025-09-25 12:00,-0.005743014201,,0.00036,,,0.2083333333,0.208619,-0.0002856666667,,,
7.00406845,7.788994916,2025-09-23 13:30,Alexander Vukic,-175,0.650056,0.0753,0.5274063543,1,2025-09-25 12:00,0.3013750596,,0.03765,,,0.6363636364,0.650056,-0.01369236364,,,
7.00406845,7.788994916,2025-09-23 13:30,Tomas Machac,-300,0.754598,0.03675,0.2573995155,0,2025-09-25 12:00,-0.2573995155,,0.018375,,,0.75,0.754598,-0.004598,,,
8.01921525,8.01921525,9/25/2025 13:10:00,Alexander Vukic,-105,0.549223,0.151812,1.217413106,1,2025-09-26 8:00,1.159441053,,0.075906,,,0.512195122,0.549223,-0.03702787805,,,
8.01921525,8.01921525,9/25/2025 13:10:00,Sebastian Korda,-300,0.751276,0.010148,0.08137899636,1,2025-09-26 8:00,0.02712633212,,0.005074,,,0.75,0.751276,-0.001276,,,
8.01921525,8.01921525,9/25/2025 13:10:00,Alexander Bublik,-200,0.668639,0.01177,0.09438616349,0,2025-09-26 8:00,-0.09438616349,,0.005885,,,0.6666666667,0.668639,-0.001972333333,,,
9.111396472,9.111396472,9/26/2025 12:15:00,Alexander Vukic,290,0.269765,0.035868,0.3268075686,0,2025-09-28 20:00,-0.3268075686,,0.017934,,,0.2564102564,0.269765,-0.01335474359,,,
9.111396472,9.111396472,9/26/2025 12:15:00,Sebastian Korda,215,0.335763,0.053582,0.4882068457,0,2025-09-28 20:00,-0.4882068457,,0.026791,,,0.3174603175,0.335763,-0.01830268254,,,
9.111396472,9.111396472,9/26/2025 12:15:00,Learner Tien,140,0.419476,0.00961,0.08756052009,1,2025-09-28 20:00,0.1225847281,,0.004805,,,0.4166666667,0.419476,-0.002809333333,,,
8.208821537,9.111396472,9/27/2025 21:35:00,Jakub Mensik,180,0.362977,0.018152,0.1490065285,N/A,2025-09-29 10:00,0,,0.009076,,,0.3571428571,0.362977,-0.005834142857,,,
8.269960257,8.418966785,9/29/2025 0:20:00,Jenson Brooksby,280,0.279867,0.045322,0.3748111388,0,2025-09-29 10:00,-0.3748111388,,0.022661,,,0.2631578947,0.279867,-0.01670910526,,,
8.269960257,8.418966785,9/29/2025 0:20:00,Casper Ruud,590,0.154286,0.02186,0.1807813312,0,2025-09-29 10:00,-0.1807813312,,0.01093,,,0.1449275362,0.154286,-0.009358463768,,,
8.269960257,8.418966785,9/29/2025 0:20:00,Learner Tien,200,0.336412,0.009216,0.07621595373,1,2025-09-29 10:00,0.1524319075,,0.004608,,,0.3333333333,0.336412,-0.003078666667,,,
8.015806223,8.015806223,9/29/2025 12:00:00,Alex De Minaur,540,0.159265,0.007146,0.05728095127,0,2025-09-30 8:00,-0.05728095127,,0.003573,,,0.15625,0.159265,-0.003015,,,
7.958525272,8.015806223,9/29/2025 12:45:00,Sebastian Baez,112,0.494301,0.085356,0.6793078831,1,2025-10-01 11:00,0.760824829,,0.042678,,,0.4716981132,0.494301,-0.02260288679,,,
7.958525272,8.015806223,9/29/2025 12:45:00,Learner Tien,290,0.277815,0.057448,0.4572013598,1,2025-09-30 8:00,1.325883943,,0.028724,,,0.2564102564,0.277815,-0.02140474359,,,
7.958525272,8.015806223,9/29/2025 12:45:00,Fabian Marozsan,-215,0.68698,0.02785,0.2216449288,1,2025-10-01 11:00,0.1030906646,,0.013925,,,0.6825396825,0.68698,-0.00444031746,,,
7.958525272,8.015806223,9/29/2025 12:45:00,Christopher Oconnell,-140,0.589026,0.027206,0.2165196385,1,2025-10-02 12:00,0.1546568847,,0.013603,,,0.5833333333,0.589026,-0.005692666667,,,
7.958525272,8.015806223,9/29/2025 12:45:00,Bu Yunchaokete,-284,0.649047,0.006556,0.05217609168,1,2025-10-02 12:00,0.01837186327,,0.003278,,,0.7395833333,0.649047,0.09053633333,,,
6.33167537,8.015806223,9/29/2025 20:30:00,Taylor Fritz,360,0.225696,0.02122,0.1343581513,0,2025-09-30 8:00,-0.1343581513,,0.01061,,,0.2173913043,0.225696,-0.008304695652,,,
6.33167537,8.015806223,9/29/2025 20:30:00,Camilo Ugo Carabelli,380,0.208802,0.001182,0.007484040287,1,2025-10-02 12:00,0.02843935309,,0.000591,,,0.2083333333,0.208802,-0.0004686666667,,,
6.33167537,8.015806223,9/29/2025 20:30:00,Yi Zhou,195,0.3415,0.00761,0.04818404956,0,2025-10-02 12:00,-0.04818404956,,0.003805,,,0.3389830508,0.3415,-0.002516949153,,,
6.33167537,8.015806223,9/29/2025 20:30:00,Luca Nardi,-138,0.581909,0.009882,0.062569616,1,2025-10-01 11:00,0.04534030145,,0.004941,,,0.5798319328,0.581909,-0.002077067227,,,
7.862164816,9.150051064,9/30/2025 16:45:00,Alejandro Tabilo,-130,0.605026,0.180868,1.422014026,1,2025-10-02 12:00,1.093856943,,0.090434,,,0.5652173913,0.605026,-0.0398086087,,,
7.862164816,9.150051064,9/30/2025 16:45:00,Valentin Vacherot,-172,0.664267,0.171064,1.344933362,1,2025-10-01 11:00,0.7819380012,,0.085532,,,0.6323529412,0.664267,-0.03191405882,,,
7.862164816,9.150051064,9/30/2025 16:45:00,Valentin Royer,-225,0.716203,0.152726,1.200756984,1,2025-10-02 12:00,0.5336697705,,0.076363,,,0.6923076923,0.716203,-0.02389530769,,,
7.862164816,9.150051064,9/30/2025 16:45:00,Mackenzie Mcdonald,-175,0.659193,0.123436,0.9704741762,0,2025-10-02 12:00,-0.9704741762,,0.061718,,,0.6363636364,0.659193,-0.02282936364,,,
7.862164816,9.150051064,9/30/2025 16:45:00,Tristan Schoolkate,-116,0.559993,0.097508,0.7666239668,0,2025-10-01 11:00,-0.7666239668,,0.048754,,,0.537037037,0.559993,-0.02295596296,,,
7.862164816,9.150051064,9/30/2025 16:45:00,Lorenzo Sonego,-140,0.589121,0.027258,0.2143068885,0,2025-10-02 12:00,-0.2143068885,,0.013629,,,0.5833333333,0.589121,-0.005787666667,,,
7.862164816,9.150051064,9/30/2025 16:45:00,Yoshihito Nishioka,-144,0.593783,0.01733,0.1362513163,1,2025-10-01 11:00,0.09461896962,,0.008665,,,0.5901639344,0.593783,-0.003619065574,,,
6.037323968,10.16923986,10/1/2025 11:40:00,David Goffin,245,0.310202,0.05723,0.3455160507,1,2025-10-03 12:00,0.8465143242,,0.028615,,,0.2898550725,0.310202,-0.02034692754,,,
6.037323968,10.16923986,10/1/2025 11:40:00,Adrian Mannarino,116,0.474339,0.04225,0.2550769377,0,2025-10-03 12:00,-0.2550769377,,0.021125,,,0.462962963,0.474339,-0.01137603704,,,
6.037323968,10.16923986,10/1/2025 11:40:00,Flavio Cobolli,-110,0.533169,0.039194,0.2366268756,0,2025-10-03 12:00,-0.2366268756,,0.019597,,,0.5238095238,0.533169,-0.00935947619,,,
6.037323968,10.16923986,10/1/2025 11:40:00,Jordan Thompson,138,0.420891,0.026058,0.157320588,0,2025-10-03 12:00,-0.157320588,,0.013029,,,0.4201680672,0.420891,-0.0007229327731,,,
6.037323968,10.16923986,10/1/2025 11:40:00,Valentin Vacherot,280,0.269778,0.017916,0.1081646962,1,2025-10-03 12:00,0.3028611494,,0.008958,,,0.2631578947,0.269778,-0.006620105263,,,
9.662564415,10.76526956,10/2/2025 13:45:00,Nuno Borges,140,0.43581,0.065318,0.6311393824,N/A,2025-10-04 12:00,0,,0.032659,,,0.4166666667,0.43581,-0.01914333333,,,
9.662564415,10.76526956,10/2/2025 13:45:00,Valentin Royer,410,0.215067,0.047052,0.4546429808,0,2025-10-04 13:00,-0.4546429808,,0.023526,,,0.1960784314,0.215067,-0.01898856863,,,
9.662564415,10.76526956,10/2/2025 13:45:00,Arthur Cazaux,-110,0.530092,0.02622,0.253352439,0,2025-10-04 13:00,-0.253352439,,0.01311,,,0.5238095238,0.530092,-0.00628247619,,,
9.662564415,10.76526956,10/2/2025 13:45:00,Camilo Ugo Carabelli,1600,0.070666,0.025074,0.2422791401,0,2025-10-04 13:00,-0.2422791401,,0.012537,,,0.05882352941,0.070666,-0.01184247059,,,
9.662564415,10.76526956,10/2/2025 13:45:00,Zizou Bergs,235,0.305273,0.01917,0.1852313598,1,2025-10-03 12:00,0.4352936956,,0.009585,,,0.2985074627,0.305273,-0.006765537313,,,
9.662564415,10.76526956,10/2/2025 13:45:00,Sebastian Baez,430,0.194894,0.015228,0.1471415309,0,2025-10-04 13:00,-0.1471415309,,0.007614,,,0.1886792453,0.194894,-0.006214754717,,,
9.662564415,10.76526956,10/2/2025 13:45:00,Yoshihito Nishioka,320,0.239267,0.003056,0.02952879685,1,2025-10-04 13:00,0.09449214992,,0.001528,,,0.2380952381,0.239267,-0.001171761905,,,
9.942830061,11.70091433,10/3/2025 18:00:00,Matteo Arnaldi,194,0.347621,0.022806,0.2267561824,0,2025-10-04 13:00,-0.2267561824,,0.011403,,,0.3401360544,0.347621,-0.007484945578,,,
10.47123421,10.47123421,10/4/2025 21:30:00,David Goffin,166,0.37896,0.00968,0.1013615471,N/A,2025-10-05 20:00,0,,0.00484,,,0.3759398496,0.37896,-0.003020150376,,,
10.47123421,10.47123421,10/4/2025 21:30:00,Giovanni Mpetshi Perricard,300,0.253623,0.00966,0.1011521224,1,2025-10-05 20:00,0.3034563673,,0.00483,,,0.25,0.253623,-0.003623,,,
10.77469057,10.77469057,10/6/2025 11:15:00,Pittsburgh Steelers,-235,0.741898,0.270654,2.916213103,1,2025-10-12 17:00,1.240941746,,0.135327,,,0.7014925373,0.741898,-0.04040546269,,,
10.77469057,10.77469057,10/6/2025 11:15:00,Cincinnati Bengals,800,0.115394,0.009558,0.1029844925,0,2025-10-12 19:25,-0.1029844925,,0.004779,,,0.1111111111,0.115394,-0.004282888889,,,
10.77469057,10.77469057,10/6/2025 11:15:00,Chicago Bears,180,0.359711,0.00792,0.08533554935,1,10/21/2025 2:00:00,0.1536039888,,0.00396,,,0.3571428571,0.359711,-0.002568142857,,,
7.67015743,10.77469057,10/6/2025 14:25:00,Arthur Rinderknech,250,0.297856,0.03399,0.2607086511,1,10/8/2025 11:00:00,0.6517716276,,0.016995,,,0.2857142857,0.297856,-0.01214171429,,,
7.67015743,10.77469057,10/6/2025 14:25:00,Zizou Bergs,136,0.431283,0.0262,0.2009581247,1,2025-10-07 11:00,0.2733030496,,0.0131,,,0.4237288136,0.431283,-0.007554186441,,,
7.682751829,11.04799362,10/7/2025 17:20:00,Zizou Bergs,330,0.243381,0.028192,0.2165921396,0,10/9/2025 11:00:00,-0.2165921396,,0.014096,,,0.2325581395,0.243381,-0.01082286047,,,
7.682751829,11.04799362,10/7/2025 17:20:00,Nuno Borges,560,0.159652,0.019168,0.1472629871,0,10/8/2025 11:00:00,-0.1472629871,,0.009584,,,0.1515151515,0.159652,-0.008136848485,,,
8.231376981,11.33591013,10/9/2025 17:00:00,Valentin Vacherot,550,0.159491,0.013342,0.1098230317,1,10/11/2025 11:00:00,0.6040266742,,0.006671,,,0.1538461538,0.159491,-0.005644846154,,,
8.121553949,11.33591013,10/10/2025 17:55:00,Arthur Rinderknech,245,0.292941,0.00869,0.07057630382,1,10/11/2025 11:00:00,0.1729119444,,0.004345,,,0.2898550725,0.292941,-0.003085927536,,,
9.008315599,12.11284874,10/11/2025 20:10:00,Luca Nardi,220,0.325204,0.036958,0.3329293279,0,10/13/2025 9:00:00,-0.3329293279,,0.018479,,,0.3125,0.325204,-0.012704,,,
12.83254112,13.250806,10/12/2025 20:30:00,Nicolai Budkov Kjaer,110,0.534105,0.22,2.823159046,0,10/14/2025 13:00:00,-2.823159046,,0.11,,,0.4761904762,0.534105,-0.05791452381,,,
12.83254112,13.250806,10/12/2025 20:30:00,Ugo Blanchet,-106,0.530381,0.0643,0.825132394,0,10/13/2025 9:00:00,-0.825132394,,0.03215,,,0.5145631068,0.530381,-0.0158178932,,,
12.83254112,13.250806,10/12/2025 20:30:00,Arthur Cazaux,-275,0.735243,0.014112,0.1810928203,0,10/15/2025 16:00:00,-0.1810928203,,0.007056,,,0.7333333333,0.735243,-0.001909666667,,,
12.83254112,13.250806,10/12/2025 20:30:00,Sebastian Korda,-205,0.673805,0.010064,0.1291466938,1,10/13/2025 19:20:00,0.06299838724,,0.005032,,,0.6721311475,0.673805,-0.001673852459,,,
12.83254112,13.250806,10/12/2025 20:30:00,Alexander Shevchenko,-130,0.567129,0.008666,0.1112068013,1,10/14/2025 13:00:00,0.08554369334,,0.004333,,,0.5652173913,0.567129,-0.001911608696,,,
12.83254112,13.250806,10/12/2025 20:30:00,Mackenzie Mcdonald,150,0.401455,0.00239,0.03066977328,0,10/15/2025 16:00:00,-0.03066977328,,0.00239,,,0.4,0.401455,-0.001455,,,
8.732133591,12.09274428,10/13/2025 13:00:00,Federico Cina,146,0.452392,0.076886,0.6713788233,0,10/15/2025 16:00:00,-0.6713788233,,0.076886,,,0.406504065,0.452392,-0.04588793496,,,
8.732133591,12.09274428,10/13/2025 13:00:00,Mark Lajal,-135,0.611874,0.08715,0.7610054425,0,10/14/2025 13:00:00,-0.7610054425,,0.08715,,,0.5744680851,0.611874,-0.03740591489,,,
7.299749325,12.09274428,10/13/2025 19:10:00,Valentin Royer,-250,0.719816,0.019351,0.1412574492,1,10/14/2025 13:00:00,0.05650297968,,0.019351,,,0.7142857143,0.719816,-0.005530285714,,,
7.299749325,12.09274428,10/13/2025 19:10:00,Giulio Zeppieri,152,0.403739,0.01146,0.08365512727,0,10/14/2025 19:00:00,-0.08365512727,,0.01146,,,0.3968253968,0.403739,-0.006913603175,,,
7.661492753,8.713624847,10/14/2025 13:45:00,Valentin Royer,100,0.565937,0.11,0.8427642029,0,10/15/2025 16:00:00,-0.8427642029,,0.11,,,0.5,0.565937,-0.065937,,,
7.661492753,8.713624847,10/14/2025 13:45:00,Yannick Haffmann,-146,0.62473,0.075431,0.5779140599,1,10/15/2025 16:00:00,0.3958315479,,0.075431,,,0.593495935,0.62473,-0.03123406504,,,
7.661492753,8.713624847,10/14/2025 13:45:00,Brandon Nakashima,-150,0.608046,0.01967,0.1507015625,0,10/15/2025 16:00:00,-0.1507015625,,0.01967,,,0.6,0.608046,-0.008046,,,
7.661492753,8.713624847,10/14/2025 13:45:00,Leo Borg,950,0.099208,0.004294,0.03289844988,0,10/16/2025 15:00:00,-0.03289844988,,0.004294,,,0.09523809524,0.099208,-0.003969904762,,,
7.661492753,8.713624847,10/14/2025 13:45:00,Adam Walton,600,0.145943,0.003522,0.02698377748,0,10/16/2025 15:00:00,-0.02698377748,,0.003522,,,0.1428571429,0.145943,-0.003085857143,,,
7.661492753,8.713624847,10/14/2025 13:45:00,Marcos Giron,132,0.432172,0.001956,0.01498587983,0,10/15/2025 17:20:00,-0.01498587983,,0.001956,,,0.4310344828,0.432172,-0.001137517241,,,
6.015244821,8.62996972,10/14/2025 19:15:00,Nikoloz Basilashvili,-115,0.561574,0.001956,0.01176581887,1,10/15/2025 16:00:00,0.01023114684,,0.001956,,,0.5348837209,0.561574,-0.02669027907,,,
6.015244821,8.62996972,10/14/2025 19:15:00,Gilles Arnaud Bailly,580,0.16303,0.001956,0.01176581887,0,10/15/2025 16:00:00,-0.01176581887,,0.001956,,,0.1470588235,0.16303,-0.01597117647,,,
6.987455757,7.132673533,10/15/2025 17:25:00,Nikoloz Basilashvili,140,0.344848,0.013229,0.09243705221,N/A,10/16/2025 15:00:00,0,,0.013229,,,0.4166666667,0.344848,0.07181866667,,,
6.987455757,7.132673533,10/15/2025 17:25:00,Damir Dzumhur,550,0.15605,0.002604,0.01819533479,0,10/16/2025 15:00:00,-0.01819533479,,0.002604,,,0.1538461538,0.15605,-0.002203846154,,,
6.987455757,7.132673533,10/15/2025 17:25:00,James Duckworth,192,0.424384,0.003623,0.02531555221,1,10/17/2025 13:00:00,0.04860586024,,0.003623,,,0.3424657534,0.424384,-0.08191824658,,,
7.017866282,7.103201832,10/17/2025 21:30:00,James Duckworth,430,0.805983,0.00658,0.04617756014,0,10/18/2025 11:00:00,-0.04617756014,,0.00658,,,0.1886792453,0.805983,-0.6173037547,,,
6.971688722,7.103201832,10/18/2025 7:45:00,Holger Rune,105,0.494585,0.013235,0.09227030024,N/A,10/18/2025 11:00:00,0,,0.013235,,,0.487804878,0.494585,-0.006780121951,,,
6.971688722,7.103201832,10/18/2025 7:45:00,Alex Michelsen,110,0.482175,0.011423,0.07963760027,0,10/18/2025 16:15:00,-0.07963760027,,0.011423,,,0.4761904762,0.482175,-0.00598452381,,,
6.892051122,6.977386671,10/19/2025 23:15:00,Lorenzo Musetti,-225,0.698929,0.021511,0.1482549117,N/A,10/21/2025 17:00:00,0,,0.021511,,,0.6923076923,0.698929,-0.006621307692,,,
6.892051122,6.977386671,10/19/2025 23:15:00,Luciano Darderi,240,0.30167,0.010695,0.07371048675,0,10/20/2025 11:00:00,-0.07371048675,,0.010695,,,0.2941176471,0.30167,-0.007552352941,,,
6.892051122,6.977386671,10/19/2025 23:15:00,Jenson Brooksby,-240,0.711463,0.018964,0.1307008575,1,10/20/2025 11:00:00,0.05445869061,,0.018964,,,0.7058823529,0.711463,-0.005580647059,,,
6.724544414,6.958134875,10/20/2025 13:25:00,Joao Fonseca,120,0.473768,0.035178,0.2365560234,1,10/21/2025 17:00:00,0.2838672281,,0.035178,,,0.4545454545,0.473768,-0.01922254545,,,
6.724544414,6.958134875,10/20/2025 13:25:00,Sebastian Korda,-125,0.568528,0.029111,0.1957582124,0,10/22/2025 10:00:00,-0.1957582124,,0.029111,,,0.5555555556,0.568528,-0.01297244444,,,
6.724544414,6.958134875,10/20/2025 13:25:00,Reilly Opelka,-240,0.712559,0.022629,0.1521697155,1,10/21/2025 9:00:00,0.06340404814,,0.022629,,,0.7058823529,0.712559,-0.006676647059,,,
6.724544414,6.958134875,10/20/2025 13:25:00,Kamil Majchrzak,176,0.373733,0.01785,0.1200331178,0,10/21/2025 17:00:00,-0.1200331178,,0.01785,,,0.3623188406,0.373733,-0.01141415942,,,
6.724544414,6.958134875,10/20/2025 13:25:00,Jakub Mensik,-600,0.859645,0.01746,0.1174105455,1,10/20/2025 18:00:00,0.01956842424,,0.01746,,,0.8571428571,0.859645,-0.002502142857,,,
6.724544414,6.958134875,10/20/2025 13:25:00,Quentin Halys,450,0.188823,0.008536,0.05740071112,0,10/22/2025 10:00:00,-0.05740071112,,0.008536,,,0.1818181818,0.188823,-0.007004818182,,,
7.105386523,7.358545446,10/21/2025 18:20:00,Valentin Vacherot,370,0.216096,0.00423,0.03005578499,0,10/23/2025 2:00:00,-0.03005578499,,0.00423,,,0.2127659574,0.216096,-0.003330042553,,,
7.105386523,7.358545446,10/21/2025 18:20:00,Filip Misolic,1140,0.08076,0.000125,0.0008881733154,0,10/23/2025 2:00:00,-0.0008881733154,,0.000125,,,0.08064516129,0.08076,-0.0001148387097,,,
7.074442565,7.105386523,10/22/2025 11:55:00,Valentin Royer,145,0.41775,0.016198,0.1145918207,0,10/24/2025 0:15:00,-0.1145918207,,0.016198,,,0.4081632653,0.41775,-0.009586734694,,,
7.074442565,7.105386523,10/22/2025 11:55:00,Botic Van De Zandschulp,-108,0.523899,0.009707,0.06867161397,0,10/24/2025 0:15:00,-0.06867161397,,0.009707,,,0.5192307692,0.523899,-0.004668230769,,,
6.89117913,7.074442565,10/23/2025 6:15:00,Taylor Fritz,-220,0.694941,0.023772,0.1638171103,0,10/24/2025 0:15:00,-0.1638171103,,0.023772,,,0.6875,0.694941,-0.007441,,,
6.89117913,7.074442565,10/23/2025 6:15:00,Flavio Cobolli,1750,0.057022,0.003132,0.02158317304,0,10/24/2025 0:15:00,-0.02158317304,,0.003132,,,0.05405405405,0.057022,-0.002967945946,,,
6.89117913,7.074442565,10/23/2025 6:15:00,Matteo Arnaldi,285,0.276993,0.023296,0.160536909,0,10/24/2025 0:15:00,-0.160536909,,0.023296,,,0.2597402597,0.276993,-0.01725274026,,,
6.545241938,6.545241938,10/24/2025 0:30:00,Lorenzo Musetti,-185,0.656607,0.021326,0.1395838296,1,10/25/2025 0:15:00,0.07545071868,,0.021326,,,0.649122807,0.656607,-0.007484192982,,,
6.545241938,6.545241938,10/24/2025 0:30:00,Alejandro Davidovich Fokina,184,0.356639,0.006984,0.04571196969,1,10/25/2025 0:15:00,0.08411002423,,0.006984,,,0.3521126761,0.356639,-0.004526323944,,,
6.545241938,6.545241938,10/24/2025 0:30:00,Tallon Griekspoor,195,0.342433,0.005281,0.03456542267,N/A,10/25/2025 0:15:00,0,,0.005281,,,0.3389830508,0.342433,-0.003449949153,,,
6.545241938,6.545241938,10/24/2025 0:30:00,Reilly Opelka,240,0.294921,0.001137,0.007441940083,0,10/25/2025 0:15:00,-0.007441940083,,0.001137,,,0.2941176471,0.294921,-0.0008033529412,,,
6.697360741,6.697360741,10/25/2025 1:00:00,Lorenzo Musetti,110,0.523831,0.090949,0.609118262,0,10/25/2025 13:00:00,-0.609118262,,0.090949,,,0.4761904762,0.523831,-0.04764052381,,,
6.088242479,6.088242479,10/25/2025 16:45:00,Alejandro Davidovich Fokina,110,0.496997,0.039705,0.2417336676,0,10/26/2025 7:15:00,-0.2417336676,,0.039705,,,0.4761904762,0.496997,-0.02080652381,,,
6.088242479,6.088242479,10/25/2025 16:45:00,Alexander Zverev,690,0.133539,0.007952,0.04841370419,0,10/26/2025 7:15:00,-0.04841370419,,0.007952,,,0.1265822785,0.133539,-0.006956721519,,,
5.798095107,5.798095107,10/26/2025 20:30:00,Daniel Altmaier,150,0.401124,0.001873,0.01085983213,1,10/27/2025 11:30:00,0.0162897482,,0.001873,,,0.4,0.401124,-0.001124,,,
5.798095107,5.798095107,10/26/2025 20:30:00,Giovanni Mpetshi Perricard,-146,0.597931,0.010903,0.06321663095,0,10/27/2025 17:00:00,-0.06321663095,,0.010903,,,0.593495935,0.597931,-0.004435065041,,,
5.798095107,5.798095107,10/26/2025 20:30:00,Tomas Machac,120,0.466798,0.022461,0.1302310142,0,10/27/2025 11:30:00,-0.1302310142,,0.022461,,,0.4545454545,0.466798,-0.01225254545,,,
5.62093721,5.62093721,10/27/2025 18:00:00,Joao Fonseca,-146,0.618707,0.061976,0.3483632045,1,10/28/2025 11:00:00,0.2386049346,,0.061976,,,0.593495935,0.618707,-0.02521106504,,,
5.62093721,5.62093721,10/27/2025 18:00:00,Tomas Martin Etcheverry,-500,0.842781,0.056523,0.3177122339,0,10/28/2025 11:00:00,-0.3177122339,,0.056523,,,0.8333333333,0.842781,-0.009447666667,,,
5.62093721,5.62093721,10/27/2025 18:00:00,Learner Tien,112,0.473126,0.002693,0.01513718391,0,10/28/2025 17:00:00,-0.01513718391,,0.002693,,,0.4716981132,0.473126,-0.001427886792,,,
5.526692727,5.526692727,10/28/2025 20:40:00,Daniil Medvedev,-275,0.757976,0.091918,0.508002542,N/A,10/29/2025 20:00:00,0,,0.091918,,,0.7333333333,0.757976,-0.02464266667,,,
5.526692727,5.526692727,10/28/2025 20:40:00,Francisco Cerundolo,-200,0.672775,0.018172,0.1004310602,1,10/29/2025 20:00:00,0.05021553011,,0.018172,,,0.6666666667,0.672775,-0.006108333333,,,
5.526692727,5.526692727,10/28/2025 20:40:00,Joao Fonseca,137,0.4325,0.018122,0.1001547256,0,10/29/2025 20:00:00,-0.1001547256,,0.018122,,,0.4219409283,0.4325,-0.01055907173,,,
5.526692727,5.526692727,10/28/2025 20:40:00,Zizou Bergs,2500,0.052859,0.014927,0.08249694233,0,10/29/2025 20:00:00,-0.08249694233,,0.014927,,,0.03846153846,0.052859,-0.01439746154,,,
5.526692727,5.526692727,10/28/2025 20:40:00,Daniel Altmaier,240,0.300569,0.009065,0.05009946957,1,10/29/2025 20:00:00,0.120238727,,0.009065,,,0.2941176471,0.300569,-0.006451352941,,,
5.526692727,5.526692727,10/28/2025 20:40:00,Valentin Vacherot,-146,0.596658,0.007714,0.04263290769,1,10/29/2025 20:00:00,0.02920062171,,0.007714,,,0.593495935,0.596658,-0.003162065041,,,
5.526692727,5.526692727,10/28/2025 20:40:00,Alexandre Muller,333,0.233661,0.003499,0.01933789785,0,10/29/2025 20:00:00,-0.01933789785,,0.003499,,,0.2309468822,0.233661,-0.002714117783,,,
5.526692727,5.526692727,10/28/2025 20:40:00,Corentin Moutet,142,0.414701,0.002498,0.01380567843,0,10/29/2025 20:00:00,-0.01380567843,,0.002498,,,0.4132231405,0.414701,-0.001477859504,,,
5.526692727,5.526692727,10/28/2025 20:40:00,Camilo Ugo Carabelli,1640,0.059235,0.001856,0.0102575417,0,10/29/2025 20:00:00,-0.0102575417,,0.001856,,,0.05747126437,0.059235,-0.001763735632,,,
5.500294819,5.500294819,10/29/2025 20:45:00,Daniil Medvedev,-334,0.774076,0.01943,0.1068707283,1,10/30/2025 20:00:00,0.03199722405,,0.01943,,,0.7695852535,0.774076,-0.004490746544,,,
5.500294819,5.500294819,10/29/2025 20:45:00,Francisco Cerundolo,1620,0.072311,0.015045,0.08275193556,0,10/30/2025 20:00:00,-0.08275193556,,0.015045,,,0.05813953488,0.072311,-0.01417146512,,,
5.449540108,5.449540108,10/30/2025 23:20:00,Valentin Vacherot,150,0.425076,0.041775,0.227654538,0,10/31/2025 11:00:00,-0.227654538,,0.041775,,,0.4,0.425076,-0.025076,,,
5.449540108,5.449540108,10/30/2025 23:20:00,Alexander Bublik,114,0.474891,0.014229,0.0775415062,1,10/31/2025 14:00:00,0.08839731706,,0.014229,,,0.4672897196,0.474891,-0.007601280374,,,
5.449540108,5.449540108,10/30/2025 23:20:00,Ben Shelton,420,0.198333,0.007439,0.04053912886,0,10/31/2025 18:00:00,-0.04053912886,,0.007439,,,0.1923076923,0.198333,-0.006025307692,,,
5.103804935,5.22188557,10/31/2025 11:20:00,Daniil Medvedev,-122,0.552273,0.006046,0.03085760464,0,10/31/2025 18:00:00,-0.03085760464,,0.006046,,,0.5495495495,0.552273,-0.00272345045,,,
5.238886153,5.238886153,11/1/2025 21:40:00,Eliot Spizzirri,-189,0.680854,0.077656,0.4068309431,1,11/3/2025 10:15:00,0.2152544673,,0.077656,,,0.6539792388,0.680854,-0.02687476125,,,
5.238886153,5.238886153,11/1/2025 21:40:00,Momir Kecmanovic,100,0.502012,0.004011,0.02101317236,1,11/3/2025 11:00:00,0.02101317236,,0.004011,,,0.5,0.502012,-0.002012,,,
5.238886153,5.238886153,11/1/2025 21:40:00,Daniel Altmaier,162,0.387555,0.00947,0.04961225187,1,11/4/2025 10:00:00,0.08037184804,,0.00947,,,0.3816793893,0.387555,-0.005875610687,,,
5.425541541,5.475153793,11/3/2025 15:40:00,Eliot Spizzirri,121,0.479277,0.048568,0.2635077016,0,11/4/2025 17:00:00,-0.2635077016,,0.048568,,,0.4524886878,0.479277,-0.02678831222,,,
5.425541541,5.475153793,11/3/2025 15:40:00,Luciano Darderi,160,0.414617,0.04844,0.2628132323,0,11/5/2025 17:00:00,-0.2628132323,,0.04844,,,0.3846153846,0.414617,-0.03000161538,,,
5.425541541,5.475153793,11/3/2025 15:40:00,Alejandro Tabilo,443,0.203942,0.024068,0.1305819338,0,11/4/2025 16:00:00,-0.1305819338,,0.024068,,,0.1841620626,0.203942,-0.01977993738,,,
5.425541541,5.475153793,11/3/2025 15:40:00,Damir Dzumhur,290,0.266737,0.013755,0.0746283239,0,11/4/2025 13:00:00,-0.0746283239,,0.013755,,,0.2564102564,0.266737,-0.01032674359,,,
5.425541541,5.475153793,11/3/2025 15:40:00,Pedro Martinez,368,0.22299,0.011734,0.06366330444,0,11/4/2025 13:00:00,-0.06366330444,,0.011734,,,0.2136752137,0.22299,-0.009314786325,,,
5.425541541,5.475153793,11/3/2025 15:40:00,Alexander Vukic,333,0.23747,0.008398,0.04556369786,1,11/4/2025 13:00:00,0.1517271139,,0.008398,,,0.2309468822,0.23747,-0.006523117783,,,
5.425541541,5.475153793,11/3/2025 15:40:00,Alexander Blockx,-225,0.694828,0.008106,0.04397943973,1,11/4/2025 13:00:00,0.01954641766,,0.008106,,,0.6923076923,0.694828,-0.002520307692,,,
4.931604677,5.194417909,11/4/2025 18:10:00,Kyrian Jacquet,-180,0.680579,0.105581,0.5206837534,1,11/5/2025 7:15:00,0.2892687519,,0.105581,,,0.6428571429,0.680579,-0.03772185714,,,
4.931604677,5.194417909,11/4/2025 18:10:00,Alexandre Muller,120,0.464206,0.017597,0.0867814475,1,11/5/2025 17:00:00,0.104137737,,0.017597,,,0.4545454545,0.464206,-0.009660545455,,,
5.134091981,5.483686661,11/5/2025 8:30:00,Nuno Borges,476,0.184875,0.013631,0.06998280779,0,11/6/2025 14:00:00,-0.06998280779,,0.013631,,,0.1736111111,0.184875,-0.01126388889,,,
5.255028358,5.325011166,11/5/2025 20:00:00,Kyrian Jacquet,250,0.323123,0.052351,0.2751059896,0,11/6/2025 14:00:00,-0.2751059896,,0.052351,,,0.2857142857,0.323123,-0.03740871429,,,
5.255028358,5.325011166,11/5/2025 20:00:00,Daniel Altmaier,141,0.425276,0.017558,0.09226778791,0,11/6/2025 14:00:00,-0.09226778791,,0.017558,,,0.4149377593,0.425276,-0.01033824066,,,
4.88765458,4.88765458,11/6/2025 18:15:00,Sebastian Korda,115,0.478747,0.025477,0.1245227757,0,11/7/2025 17:00:00,-0.1245227757,,0.025477,,,0.4651162791,0.478747,-0.01363072093,,,
4.88765458,4.88765458,11/6/2025 18:15:00,Yannick Haffmann,280,0.178731,0.007628,0.03728302914,0,11/7/2025 17:00:00,-0.03728302914,,0.007628,,,0.2631578947,0.178731,0.08442689474,,,
4.725848775,4.725848775,11/8/2025 8:30:00,Lorenzo Musetti,225,0.416164,0.11,0.5198433653,0,11/9/2025 19:30:00,-0.5198433653,,0.11,,,0.3076923077,0.416164,-0.1084716923,,,
4.725848775,4.725848775,11/8/2025 8:30:00,Cameron Norrie,144,0.425567,0.025437,0.1202114153,0,11/9/2025 19:30:00,-0.1202114153,,0.025437,,,0.4098360656,0.425567,-0.01573093443,,,
4.085793995,4.085793995,11/10/2025 8:30:00,,,,,,,,,,,,,,,,,,